"id";"sexe";"cellId";"col";"row";"nb_dans_cellule";"lon_grille";"lat_grille";"lon_reel";"lat_reel";"reaffecte";"deplacement_m";"issu_zone_non";"point_reel_hors_commune"
"709";"Feminin";"36";"1";"6";"1";"-4.13487634191902";"5.32540635305626";"-4.137197564";"5.32361725311767";"1";"324";"0";"0"
"9";"Masculin";"153";"7";"15";"4";"-4.10900847128034";"5.36728590643619";"-4.1059171";"5.3662321";"0";"362";"0";"0"
"15";"Masculin";"153";"7";"15";"4";"-4.10675238119961";"5.36728999680182";"-4.1060839";"5.3644853";"0";"319";"0";"0"
"10";"Feminin";"153";"7";"15";"4";"-4.1090043868854";"5.36502470310129";"-4.1065062";"5.3661692";"0";"304";"0";"0"
"13";"Feminin";"153";"7";"15";"4";"-4.10674830510954";"5.36502879173397";"-4.1062084";"5.3653281";"0";"68";"0";"0"
"301";"Masculin";"162";"7";"6";"3";"-4.10888953299886";"5.32626773284005";"-4.1108148";"5.3228103";"1";"438";"0";"0"
"300";"Feminin";"162";"7";"6";"3";"-4.1067238306159";"5.32627162941444";"-4.1095443";"5.3239734";"0";"403";"0";"0"
"646";"Feminin";"162";"7";"6";"3";"-4.10780344298478";"5.32446071627364";"-4.1111739";"5.3239679";"1";"377";"0";"0"
"76";"Masculin";"137";"6";"10";"4";"-4.11347971504508";"5.34466569450428";"-4.1058013";"5.3452163";"1";"853";"0";"0"
"228";"Masculin";"137";"6";"10";"4";"-4.11122371134854";"5.34466978412128";"-4.1075968";"5.3401883";"1";"638";"0";"0"
"85";"Feminin";"137";"6";"10";"4";"-4.11347563157129";"5.34240449294935";"-4.1060234";"5.3453974";"1";"890";"0";"0"
"89";"Feminin";"137";"6";"10";"4";"-4.11121963614406";"5.34240858082646";"-4.1058989";"5.3441448";"1";"620";"0";"0"
"41";"Masculin";"217";"10";"14";"4";"-4.09546383732228";"5.36278789621722";"-4.1051251";"5.3647492";"1";"1092";"0";"0"
"42";"Masculin";"217";"10";"14";"4";"-4.09320775344577";"5.36279193320568";"-4.1047648";"5.3651577";"1";"1307";"0";"0"
"22";"Feminin";"217";"10";"14";"4";"-4.09545980620666";"5.3605266821978";"-4.0949592";"5.3678761";"1";"814";"0";"0"
"113";"Feminin";"217";"10";"14";"4";"-4.0932037306281";"5.36053071747449";"-4.1012307";"5.3699253";"1";"1367";"0";"0"
"686";"Feminin";"250";"11";"2";"2";"-4.09080868883524";"5.3073961655598";"-4.089123448";"5.3082205851128";"0";"208";"0";"0"
"694";"Feminin";"250";"11";"2";"2";"-4.08864303920086";"5.30739998500525";"-4.08844083";"5.30915127560135";"0";"195";"0";"0"
"632";"Masculin";"220";"10";"11";"4";"-4.09543967649926";"5.34922060955612";"-4.0922507";"5.3483389";"0";"367";"0";"0"
"629";"Masculin";"220";"10";"11";"4";"-4.09318364235725";"5.34922463627414";"-4.0908888";"5.3479489";"1";"291";"0";"0"
"631";"Feminin";"220";"10";"11";"4";"-4.09543565573171";"5.34695939451937";"-4.0925772";"5.3469854";"0";"317";"0";"0"
"628";"Feminin";"220";"10";"11";"4";"-4.09317962986636";"5.34696341952569";"-4.0908582";"5.3468917";"1";"257";"0";"0"
"253";"Masculin";"96";"4";"9";"4";"-4.12249548093206";"5.34012686384555";"-4.1276481";"5.3407238";"1";"575";"0";"0"
"255";"Feminin";"96";"4";"9";"4";"-4.12023950080338";"5.340130983115";"-4.1220071";"5.3397114";"0";"201";"0";"0"
"265";"Feminin";"96";"4";"9";"4";"-4.12249136791553";"5.33786566894691";"-4.1267497";"5.3400904";"1";"532";"0";"0"
"266";"Feminin";"96";"4";"9";"4";"-4.12023539604893";"5.33786978646238";"-4.1266746";"5.3404666";"1";"769";"0";"0"
"603";"Masculin";"409";"19";"11";"4";"-4.05483080151922";"5.34929182093919";"-4.0559245";"5.3463966";"0";"342";"0";"0"
"611";"Masculin";"409";"19";"11";"4";"-4.05257473694146";"5.34929569829767";"-4.0587425";"5.3513037";"1";"719";"0";"0"
"307";"Feminin";"409";"19";"11";"4";"-4.05482692973626";"5.34703057563151";"-4.0612367";"5.3404533";"1";"1017";"0";"0"
"308";"Feminin";"409";"19";"11";"4";"-4.05257087343571";"5.34703445134178";"-4.0614131";"5.3400796";"1";"1246";"0";"0"
"424";"Feminin";"417";"19";"3";"2";"-4.05472201088686";"5.31198132886723";"-4.0482683";"5.3093617";"1";"772";"0";"0"
"425";"Feminin";"417";"19";"3";"2";"-4.05255631956745";"5.31198502502516";"-4.047905";"5.30935";"1";"592";"0";"0"
"570";"Masculin";"266";"12";"7";"2";"-4.08633656962026";"5.33001635508557";"-4.0789138";"5.3213682";"1";"1261";"0";"0"
"572";"Masculin";"266";"12";"7";"2";"-4.08417083768547";"5.33002017502035";"-4.07883";"5.3220678";"1";"1060";"0";"0"
"504";"Masculin";"307";"14";"8";"2";"-4.07732056122875";"5.3345546809097";"-4.0720842";"5.3291051";"1";"836";"0";"0"
"125";"Feminin";"307";"14";"8";"2";"-4.07515480691715";"5.33455847232871";"-4.0955859";"5.3747324";"1";"4985";"1";"0"
"66";"Masculin";"111";"5";"15";"4";"-4.1180328141062";"5.36726946171906";"-4.10711";"5.3636538";"1";"1275";"0";"0"
"68";"Masculin";"111";"5";"15";"4";"-4.11577673103139";"5.36727358538646";"-4.1074467";"5.3632041";"1";"1027";"0";"0"
"99";"Feminin";"111";"5";"15";"4";"-4.11802869649209";"5.36500826535127";"-4.1016275";"5.3709223";"1";"1931";"0";"0"
"114";"Feminin";"111";"5";"15";"4";"-4.11577262172202";"5.36501238727161";"-4.1013318";"5.3698421";"1";"1687";"0";"0"
"143";"Feminin";"207";"9";"3";"2";"-4.09984022735628";"5.31190259855227";"-4.1011282";"5.3160983";"1";"485";"0";"0"
"136";"Feminin";"207";"9";"3";"2";"-4.09767456856013";"5.31190645290909";"-4.0997083";"5.3183033";"1";"742";"0";"0"
"159";"Masculin";"160";"7";"8";"4";"-4.10895144863674";"5.33562904430822";"-4.1063686";"5.3323528";"0";"462";"0";"0"
"596";"Masculin";"160";"7";"8";"4";"-4.10669547450116";"5.33563311041354";"-4.1041793";"5.3374005";"1";"340";"0";"0"
"158";"Feminin";"160";"7";"8";"4";"-4.10894738868462";"5.33336783860051";"-4.1087158";"5.3324101";"0";"109";"0";"0"
"595";"Feminin";"160";"7";"8";"4";"-4.10669142280422";"5.33337190297304";"-4.1046247";"5.3370497";"1";"467";"0";"0"
"297";"Masculin";"140";"6";"7";"4";"-4.11345524049526";"5.3310984826372";"-4.1101294";"5.3282647";"0";"484";"0";"0"
"298";"Masculin";"140";"6";"7";"4";"-4.11119928636132";"5.33110256181503";"-4.1102136";"5.3280096";"0";"359";"0";"0"
"650";"Masculin";"140";"6";"7";"4";"-4.11345116753842";"5.32883728006776";"-4.1139914";"5.3276614";"1";"143";"0";"0"
"649";"Feminin";"140";"6";"7";"4";"-4.11119522165249";"5.32884135750577";"-4.1128312";"5.3273185";"1";"247";"0";"0"
"245";"Masculin";"225";"10";"6";"2";"-4.09535242551704";"5.32547792349186";"-4.0946967";"5.3224267";"1";"345";"0";"0"
"246";"Masculin";"225";"10";"6";"2";"-4.09318671599946";"5.32548177188781";"-4.0946398";"5.3226507";"1";"352";"0";"0"
"405";"Masculin";"156";"7";"12";"4";"-4.10898399110189";"5.35371868387901";"-4.1112475";"5.3577099";"1";"508";"0";"0"
"401";"Masculin";"156";"7";"12";"4";"-4.10672795079714";"5.35372276384707";"-4.108558";"5.3563597";"1";"355";"0";"0"
"394";"Feminin";"156";"7";"12";"4";"-4.1089799171832";"5.35145747952549";"-4.108235";"5.3513283";"0";"84";"0";"0"
"83";"Feminin";"156";"7";"12";"4";"-4.10672388516203";"5.35146155776067";"-4.1052254";"5.3462525";"1";"599";"0";"0"
"522";"Masculin";"313";"14";"2";"4";"-4.07732043290013";"5.30855044976852";"-4.0747555";"5.3073794";"0";"312";"0";"0"
"527";"Masculin";"313";"14";"2";"4";"-4.07506453353035";"5.30855437980487";"-4.0743131";"5.3092594";"0";"114";"0";"0"
"523";"Feminin";"313";"14";"2";"4";"-4.07731650887308";"5.30628921810194";"-4.0747497";"5.3085141";"0";"376";"0";"0"
"528";"Feminin";"313";"14";"2";"4";"-4.07506061771632";"5.30629314645503";"-4.0738472";"5.3091603";"1";"344";"0";"0"
"691";"Feminin";"249";"11";"3";"2";"-4.09081663854948";"5.31191860827767";"-4.087972921";"5.31153331683927";"0";"318";"0";"0"
"695";"Feminin";"249";"11";"3";"2";"-4.08865097313966";"5.31192243099565";"-4.087614974";"5.31073031137273";"0";"175";"0";"0"
"604";"Masculin";"410";"19";"10";"4";"-4.05482305961397";"5.34476933015474";"-4.0551938";"5.345131";"0";"57";"0";"0"
"601";"Masculin";"410";"19";"10";"4";"-4.05256701158708";"5.34477320421681";"-4.0587344";"5.3466185";"1";"713";"0";"0"
"322";"Masculin";"410";"19";"10";"4";"-4.05481919115231";"5.34250808450894";"-4.05926";"5.34034";"1";"547";"0";"0"
"354";"Feminin";"410";"19";"10";"4";"-4.05256315139554";"5.34251195692283";"-4.0596916";"5.3405949";"1";"818";"0";"0"
"368";"Masculin";"368";"17";"10";"4";"-4.06384723507961";"5.34475375099719";"-4.0642533";"5.3457441";"0";"118";"0";"0"
"374";"Masculin";"368";"17";"10";"4";"-4.06159119371658";"5.3447576582229";"-4.0669303";"5.3425899";"1";"638";"0";"0"
"369";"Feminin";"368";"17";"10";"4";"-4.06384333353782";"5.34249251197941";"-4.0644204";"5.3436361";"0";"142";"0";"0"
"375";"Feminin";"368";"17";"10";"4";"-4.06158730044478";"5.34249641754283";"-4.0679808";"5.3415647";"1";"716";"0";"0"
"497";"Masculin";"309";"14";"6";"4";"-4.07735188616244";"5.32664029704687";"-4.0756798";"5.3265436";"0";"186";"0";"0"
"559";"Masculin";"309";"14";"6";"4";"-4.07509592096076";"5.32664424054981";"-4.0777659";"5.3249451";"0";"350";"0";"0"
"560";"Masculin";"309";"14";"6";"4";"-4.07734794856935";"5.32437906672635";"-4.0776292";"5.3245675";"0";"37";"0";"0"
"496";"Feminin";"309";"14";"6";"4";"-4.07509199160908";"5.32438300854592";"-4.0755635";"5.3265376";"0";"244";"0";"0"
"404";"Masculin";"113";"5";"13";"4";"-4.11801635421156";"5.35822467522821";"-4.1116921";"5.3593349";"1";"711";"0";"0"
"120";"Masculin";"113";"5";"13";"4";"-4.11576030433443";"5.35822879190741";"-4.1009735";"5.3796446";"1";"2879";"0";"0"
"111";"Masculin";"113";"5";"13";"4";"-4.11801224363855";"5.35596347818086";"-4.0961317";"5.3736155";"1";"3112";"1";"0"
"406";"Feminin";"113";"5";"13";"4";"-4.11575620205197";"5.35596759311305";"-4.111366";"5.3576715";"1";"522";"0";"0"
"558";"Masculin";"267";"12";"6";"4";"-4.08637572997475";"5.32662444041106";"-4.0786621";"5.3247409";"1";"880";"0";"0"
"573";"Masculin";"267";"12";"6";"4";"-4.08411977157794";"5.32662841696356";"-4.0802189";"5.3217552";"1";"691";"0";"0"
"576";"Feminin";"267";"12";"6";"4";"-4.08637175941632";"5.32436321685926";"-4.0797414";"5.3243682";"1";"735";"0";"0"
"574";"Feminin";"267";"12";"6";"4";"-4.0841158092608";"5.32436719171429";"-4.0802315";"5.3225806";"1";"474";"0";"0"
"78";"Masculin";"179";"8";"10";"4";"-4.1044556897768";"5.34468200323103";"-4.1042696";"5.3449402";"0";"35";"0";"0"
"81";"Masculin";"179";"8";"10";"4";"-4.10219967910401";"5.3446860596871";"-4.1034469";"5.3415282";"0";"375";"0";"0"
"90";"Feminin";"179";"8";"10";"4";"-4.10445163938043";"5.34242079473771";"-4.1049138";"5.3433034";"0";"110";"0";"0"
"92";"Feminin";"179";"8";"10";"4";"-4.10219563697707";"5.34242484946799";"-4.10544";"5.3431545";"0";"368";"0";"0"
"226";"Masculin";"138";"6";"9";"4";"-4.1134715498504";"5.34014329122516";"-4.107422";"5.3401102";"1";"670";"0";"0"
"227";"Masculin";"138";"6";"9";"4";"-4.11121556268893";"5.34014737736239";"-4.1075124";"5.3401351";"1";"410";"0";"0"
"229";"Masculin";"138";"6";"9";"4";"-4.11346746988238";"5.33788208933178";"-4.1075829";"5.340123";"1";"698";"0";"0"
"230";"Masculin";"138";"6";"9";"4";"-4.11121149098312";"5.33788617372915";"-4.1069206";"5.3400009";"1";"530";"0";"0"
"257";"Masculin";"95";"4";"10";"3";"-4.12245801595009";"5.34433276843871";"-4.1260343";"5.3400196";"1";"620";"0";"0"
"256";"Feminin";"95";"4";"10";"3";"-4.12029226026471";"5.3443367260693";"-4.1258759";"5.3400239";"1";"781";"0";"0"
"267";"Feminin";"95";"4";"10";"3";"-4.12137184843436";"5.34252579185351";"-4.1263238";"5.3407097";"1";"584";"0";"0"
"466";"Masculin";"345";"16";"12";"4";"-4.06837500192404";"5.35379085271206";"-4.0686882";"5.3542436";"0";"61";"0";"0"
"463";"Masculin";"345";"16";"12";"4";"-4.06611893079902";"5.35379478319693";"-4.0711606";"5.3522441";"1";"584";"0";"0"
"464";"Masculin";"345";"16";"12";"4";"-4.06837107711442";"5.35152961770625";"-4.0697605";"5.3522383";"1";"173";"0";"0"
"465";"Feminin";"345";"16";"12";"4";"-4.06611501427353";"5.35153354652173";"-4.0694183";"5.3528577";"0";"394";"0";"0"
"285";"Masculin";"143";"6";"4";"2";"-4.11338367961018";"5.31640074435795";"-4.1118932";"5.3223871";"1";"682";"0";"0"
"287";"Feminin";"143";"6";"4";"2";"-4.11121801504827";"5.31640464951242";"-4.113022";"5.320359";"1";"481";"0";"0"
"621";"Masculin";"243";"11";"9";"4";"-4.09091159994207";"5.34018377985275";"-4.087663";"5.3395479";"0";"367";"0";"0"
"636";"Masculin";"243";"11";"9";"4";"-4.0886555954471";"5.34018778315725";"-4.0891025";"5.3415236";"1";"156";"0";"0"
"678";"Masculin";"243";"11";"9";"4";"-4.09090760259756";"5.33792256071942";"-4.0861581";"5.3469632";"1";"1130";"0";"0"
"620";"Feminin";"243";"11";"9";"4";"-4.08865160636511";"5.33792656231932";"-4.0891365";"5.3373715";"0";"82";"0";"0"
"416";"Masculin";"290";"13";"4";"4";"-4.08184800538894";"5.31758747646997";"-4.0756415";"5.3150913";"1";"741";"0";"0"
"332";"Feminin";"290";"13";"4";"4";"-4.07959207652669";"5.31759142973615";"-4.0781664";"5.3160432";"1";"233";"0";"0"
"333";"Feminin";"290";"13";"4";"4";"-4.08184405812478";"5.31532624885307";"-4.0773445";"5.3171242";"1";"537";"0";"0"
"415";"Feminin";"290";"13";"4";"4";"-4.07958813748968";"5.31533020042888";"-4.0748878";"5.3146641";"1";"526";"0";"0"
"378";"Masculin";"326";"15";"10";"4";"-4.07287138374785";"5.34473803918627";"-4.0698465";"5.3437453";"0";"353";"0";"0"
"376";"Masculin";"326";"15";"10";"4";"-4.07061534910547";"5.34474197957514";"-4.0687466";"5.3416922";"1";"396";"0";"0"
"379";"Feminin";"326";"15";"10";"4";"-4.07286744912639";"5.34247680685294";"-4.0715006";"5.3438564";"0";"215";"0";"0"
"377";"Feminin";"326";"15";"10";"4";"-4.07061142275389";"5.34248074556541";"-4.068855";"5.3436667";"1";"235";"0";"0"
"420";"Feminin";"438";"20";"3";"2";"-4.05021015224852";"5.31198902062682";"-4.047545";"5.3103883";"0";"344";"0";"0"
"422";"Feminin";"438";"20";"3";"2";"-4.04804445775174";"5.31199270096422";"-4.0469467";"5.3090717";"1";"345";"0";"0"
"330";"Masculin";"332";"15";"4";"4";"-4.07282427975822";"5.31760324004478";"-4.0737546";"5.3181822";"0";"121";"0";"0"
"411";"Masculin";"332";"15";"4";"4";"-4.07056834411998";"5.31760716031759";"-4.0740378";"5.3148722";"1";"489";"0";"0"
"412";"Feminin";"332";"15";"4";"4";"-4.07282036540285";"5.31534200568756";"-4.0738484";"5.3144477";"0";"151";"0";"0"
"410";"Feminin";"332";"15";"4";"4";"-4.07056443799188";"5.3153459242841";"-4.0747239";"5.3153614";"1";"461";"0";"0"
"623";"Masculin";"265";"12";"8";"2";"-4.08634452066777";"5.33453880124496";"-4.0874499";"5.3357844";"0";"184";"0";"0"
"666";"Masculin";"265";"12";"8";"2";"-4.08417877288926";"5.33454262443895";"-4.0875914";"5.340128";"1";"724";"0";"0"
"499";"Feminin";"287";"13";"7";"2";"-4.08182462631461";"5.33002430468469";"-4.0754567";"5.3273375";"1";"766";"0";"0"
"500";"Feminin";"287";"13";"7";"2";"-4.07965889110658";"5.33002810874558";"-4.0752249";"5.3276011";"1";"560";"0";"0"
"525";"Masculin";"314";"14";"1";"2";"-4.07726550845151";"5.30289744888438";"-4.0747437";"5.3094132";"1";"773";"0";"0"
"526";"Masculin";"314";"14";"1";"2";"-4.07509986476136";"5.30290121767946";"-4.0743727";"5.3094031";"1";"723";"0";"0"
"50";"Masculin";"194";"9";"16";"4";"-4.09954017473692";"5.37137320865717";"-4.0978054";"5.3721586";"0";"211";"0";"0"
"52";"Masculin";"194";"9";"16";"4";"-4.09773609441194";"5.37182869842776";"-4.0975819";"5.3720407";"0";"29";"0";"0"
"53";"Masculin";"194";"9";"16";"4";"-4.09998815342323";"5.36956342802109";"-4.0981401";"5.3726579";"0";"399";"0";"0"
"51";"Feminin";"194";"9";"16";"4";"-4.09773204808484";"5.36956748680332";"-4.097774";"5.3721995";"0";"291";"0";"0"
"685";"Feminin";"292";"13";"2";"2";"-4.08178513828919";"5.30741202986331";"-4.082699784";"5.30693267228223";"0";"114";"0";"0"
"689";"Feminin";"292";"13";"2";"2";"-4.07961948209588";"5.30741581769653";"-4.081685085";"5.30868745568557";"0";"269";"0";"0"
"364";"Masculin";"391";"18";"8";"4";"-4.05931962068125";"5.3357165867888";"-4.0570579";"5.3362927";"0";"259";"0";"0"
"345";"Feminin";"391";"18";"8";"4";"-4.0570636090381";"5.33572047081187";"-4.0572018";"5.3363749";"0";"74";"0";"0"
"346";"Feminin";"391";"18";"8";"4";"-4.05931574235012";"5.33345534377448";"-4.0587587";"5.3366891";"0";"363";"0";"0"
"347";"Feminin";"391";"18";"8";"4";"-4.05705973896282";"5.33345922614235";"-4.059239";"5.3365082";"0";"415";"0";"0"
"403";"Masculin";"134";"6";"13";"4";"-4.11350425270062";"5.35823290027533";"-4.1111731";"5.359058";"0";"274";"0";"0"
"400";"Masculin";"134";"6";"13";"4";"-4.11124819931369";"5.35823700033194";"-4.1076889";"5.3587164";"1";"398";"0";"0"
"45";"Masculin";"134";"6";"13";"4";"-4.11350015870874";"5.35597169973747";"-4.1045377";"5.3639516";"1";"1328";"0";"0"
"402";"Feminin";"134";"6";"13";"4";"-4.11124411361241";"5.35597579805411";"-4.1103436";"5.3583715";"0";"283";"0";"0"
"249";"Masculin";"74";"3";"10";"4";"-4.12701570028841";"5.34464098271014";"-4.1269949";"5.3414857";"0";"349";"0";"0"
"268";"Feminin";"74";"3";"10";"4";"-4.12475970716273";"5.34464512206759";"-4.1271637";"5.3415796";"0";"431";"0";"0"
"259";"Feminin";"74";"3";"10";"4";"-4.12701156719944";"5.34237979166863";"-4.1261685";"5.3399518";"1";"284";"0";"0"
"260";"Feminin";"74";"3";"10";"4";"-4.12475558234288";"5.34238392926503";"-4.1264801";"5.3399598";"1";"329";"0";"0"
"484";"Masculin";"260";"12";"13";"4";"-4.08643149736635";"5.35828155239866";"-4.0878597";"5.3530831";"1";"596";"0";"0"
"489";"Masculin";"260";"12";"13";"4";"-4.0841754232188";"5.35828555271701";"-4.0868734";"5.3537757";"1";"581";"0";"0"
"491";"Masculin";"260";"12";"13";"4";"-4.08642750286383";"5.35602033121402";"-4.0874";"5.3527048";"1";"382";"0";"0"
"483";"Feminin";"260";"12";"13";"4";"-4.08417143700727";"5.35602432983473";"-4.0884592";"5.3536599";"1";"542";"0";"0"
"507";"Masculin";"350";"16";"7";"4";"-4.06833582951551";"5.33117849504369";"-4.0679844";"5.3278809";"0";"367";"0";"0"
"360";"Masculin";"350";"16";"7";"4";"-4.06607984107203";"5.33118240883512";"-4.0555732";"5.3369488";"1";"1327";"0";"0"
"506";"Feminin";"350";"16";"7";"4";"-4.06833192152481";"5.328917258348";"-4.0690574";"5.3290685";"0";"82";"0";"0"
"349";"Feminin";"350";"16";"7";"4";"-4.06607594132997";"5.32892117047015";"-4.0604641";"5.3369297";"1";"1082";"0";"0"
"638";"Masculin";"223";"10";"8";"2";"-4.09536845274475";"5.33452278918568";"-4.0903665";"5.339545";"1";"785";"0";"0"
"641";"Masculin";"223";"10";"8";"2";"-4.09320271155385";"5.33452664415419";"-4.0912441";"5.3379493";"1";"436";"0";"0"
"519";"Masculin";"334";"15";"2";"2";"-4.07276156050057";"5.30742776244845";"-4.0695018";"5.3084077";"0";"377";"0";"0"
"516";"Feminin";"334";"15";"2";"2";"-4.07059589780284";"5.30743151866898";"-4.0701124";"5.3074932";"0";"54";"0";"0"
"667";"Masculin";"285";"13";"9";"4";"-4.08188757169342";"5.34019974336996";"-4.0870615";"5.3396686";"1";"576";"0";"0"
"676";"Masculin";"285";"13";"9";"4";"-4.07963156036445";"5.34020371354049";"-4.084351";"5.3468487";"1";"902";"0";"0"
"677";"Masculin";"285";"13";"9";"4";"-4.08188360739919";"5.33793851743939";"-4.0852285";"5.3469097";"1";"1059";"0";"0"
"674";"Feminin";"285";"13";"9";"4";"-4.07962760433286";"5.33794248591944";"-4.0844815";"5.3441112";"1";"869";"0";"0"
"721";"Feminin";"13";"0";"8";"2";"-4.14005455339309";"5.334441546418";"-4.13805028";"5.33509572732215";"0";"234";"0";"0"
"722";"Feminin";"13";"0";"8";"2";"-4.1383219873128";"5.33444475687502";"-4.137721617";"5.3357404135679";"0";"158";"0";"0"
"325";"Masculin";"331";"15";"5";"4";"-4.07283211353501";"5.32212570825435";"-4.070472";"5.3202865";"0";"331";"0";"0"
"328";"Feminin";"331";"15";"5";"4";"-4.07057616143158";"5.32212963187972";"-4.0715254";"5.3192182";"0";"339";"0";"0"
"340";"Feminin";"331";"15";"5";"4";"-4.07282819580226";"5.31986447423374";"-4.0738927";"5.3201979";"0";"124";"0";"0"
"341";"Feminin";"331";"15";"5";"4";"-4.0705722519332";"5.31986839618282";"-4.0723896";"5.3198482";"0";"201";"0";"0"
"436";"Masculin";"414";"19";"6";"2";"-4.05474511107909";"5.32554881406697";"-4.05212";"5.327735";"0";"378";"0";"0"
"440";"Feminin";"414";"19";"6";"2";"-4.05257937234875";"5.32555251971772";"-4.0524017";"5.3249767";"0";"67";"0";"0"
"594";"Masculin";"181";"8";"8";"4";"-4.10443949862342";"5.33563716824272";"-4.1035925";"5.3364236";"0";"128";"0";"0"
"593";"Feminin";"181";"8";"8";"4";"-4.10218352100707";"5.33564121779573";"-4.1029872";"5.335981";"0";"97";"0";"0"
"580";"Feminin";"181";"8";"8";"4";"-4.10443545518169";"5.33337595907296";"-4.1040485";"5.3393835";"1";"666";"0";"0"
"589";"Feminin";"181";"8";"8";"4";"-4.10217948582057";"5.33338000690023";"-4.1013635";"5.3398332";"1";"719";"0";"0"
"472";"Masculin";"325";"15";"11";"4";"-4.0728792580579";"5.3492605033455";"-4.0671574";"5.3513882";"1";"676";"0";"0"
"191";"Masculin";"325";"15";"11";"4";"-4.07062320686514";"5.34926444708722";"-4.0776705";"5.3464091";"1";"842";"0";"0"
"152";"Masculin";"325";"15";"11";"4";"-4.07287532005834";"5.34699927135048";"-4.0747638";"5.3456856";"1";"255";"0";"0"
"153";"Masculin";"325";"15";"11";"4";"-4.07061927714254";"5.34700321341577";"-4.0749129";"5.3457275";"1";"496";"0";"0"
"65";"Masculin";"112";"5";"14";"4";"-4.1180245806383";"5.36274706881349";"-4.1071393";"5.3637215";"1";"1211";"0";"0"
"67";"Feminin";"112";"5";"14";"4";"-4.11576851416943";"5.36275118898676";"-4.1075768";"5.3630918";"1";"909";"0";"0"
"54";"Feminin";"112";"5";"14";"4";"-4.1180204665448";"5.36048587210577";"-4.1002584";"5.3753604";"1";"2565";"0";"0"
"30";"Feminin";"112";"5";"14";"4";"-4.11576440837358";"5.36048999053201";"-4.1016134";"5.376852";"1";"2394";"0";"0"
"606";"Masculin";"389";"18";"10";"4";"-4.05933515068227";"5.34476155715775";"-4.0583132";"5.3455889";"0";"146";"0";"0"
"320";"Masculin";"389";"18";"10";"4";"-4.05707910598021";"5.34476544780171";"-4.0587805";"5.3401314";"1";"546";"0";"0"
"605";"Feminin";"389";"18";"10";"4";"-4.05933126568048";"5.34250031481891";"-4.0562621";"5.3443095";"0";"395";"0";"0"
"319";"Feminin";"389";"18";"10";"4";"-4.05707522924848";"5.34250420380762";"-4.0599696";"5.3393531";"1";"474";"0";"0"
"597";"Masculin";"387";"18";"12";"4";"-4.0593507073671";"5.35380652482194";"-4.060025";"5.35126";"0";"291";"0";"0"
"612";"Masculin";"387";"18";"12";"4";"-4.05709462954933";"5.35381042208697";"-4.0579742";"5.3519452";"0";"228";"0";"0"
"610";"Feminin";"387";"18";"12";"4";"-4.05934681569418";"5.35154528315971";"-4.0597928";"5.3519005";"0";"63";"0";"0"
"613";"Feminin";"387";"18";"12";"4";"-4.05709074616067";"5.35154917876946";"-4.056458";"5.3530168";"0";"177";"0";"0"
"714";"Feminin";"38";"1";"4";"2";"-4.13594258884199";"5.31635961378617";"-4.134352813";"5.31805883245984";"0";"258";"0";"0"
"718";"Feminin";"38";"1";"4";"2";"-4.13377694125779";"5.31636359810154";"-4.135003443";"5.31444720962214";"0";"252";"0";"0"
"529";"Masculin";"333";"15";"3";"4";"-4.07281645273612";"5.31308077116214";"-4.0738415";"5.3096557";"1";"395";"0";"0"
"414";"Masculin";"333";"15";"3";"4";"-4.07056053354888";"5.31308468808243";"-4.0746718";"5.314817";"1";"494";"0";"0"
"413";"Feminin";"333";"15";"3";"4";"-4.072812541758";"5.31081953646859";"-4.0737402";"5.3140968";"0";"377";"0";"0"
"530";"Feminin";"333";"15";"3";"4";"-4.07055663079094";"5.31082345171264";"-4.0738081";"5.3099978";"0";"372";"0";"0"
"219";"Masculin";"198";"9";"12";"4";"-4.09995981944261";"5.35373495392501";"-4.1012936";"5.3537322";"1";"148";"0";"0"
"131";"Masculin";"198";"9";"12";"4";"-4.09770377218951";"5.35373900067546";"-4.1037027";"5.3496114";"1";"806";"0";"0"
"220";"Feminin";"198";"9";"12";"4";"-4.0999557786584";"5.35147374266111";"-4.1004352";"5.3541798";"0";"304";"0";"0"
"221";"Feminin";"198";"9";"12";"4";"-4.097699739689";"5.35147778769278";"-4.1005595";"5.3503553";"0";"340";"0";"0"
"177";"Masculin";"33";"1";"9";"4";"-4.13557929838957";"5.3396505718259";"-4.1316771";"5.3394701";"1";"433";"0";"0"
"178";"Masculin";"33";"1";"9";"4";"-4.13377535499841";"5.34010614325438";"-4.1313926";"5.3392521";"1";"280";"0";"0"
"723";"Feminin";"33";"1";"9";"4";"-4.13602716188308";"5.33784078998684";"-4.138201971";"5.33633453618654";"1";"293";"0";"0"
"186";"Feminin";"33";"1";"9";"4";"-4.13377120067195";"5.33784495717851";"-4.1288982";"5.3367061";"1";"554";"0";"0"
"164";"Feminin";"183";"8";"6";"2";"-4.10437619803383";"5.32546180656563";"-4.1062827";"5.3288867";"1";"434";"0";"0"
"165";"Feminin";"183";"8";"6";"2";"-4.10221049515791";"5.32546568668143";"-4.107044";"5.3277359";"1";"592";"0";"0"
"654";"Masculin";"98";"4";"7";"2";"-4.1213490150049";"5.32995354219162";"-4.1164056";"5.3262738";"1";"682";"0";"0"
"655";"Feminin";"98";"4";"7";"2";"-4.12026616217246";"5.32995551470004";"-4.1170637";"5.3249345";"1";"659";"0";"0"
"206";"Masculin";"373";"17";"5";"4";"-4.06380829502438";"5.32214135322286";"-4.0642782";"5.3233043";"1";"139";"0";"0"
"197";"Masculin";"373";"17";"5";"4";"-4.06155233620151";"5.32214524382615";"-4.0672601";"5.3223442";"1";"633";"0";"0"
"204";"Feminin";"373";"17";"5";"4";"-4.06380441022931";"5.31988011251826";"-4.0625938";"5.3258563";"1";"674";"0";"0"
"205";"Feminin";"373";"17";"5";"4";"-4.06154845964093";"5.31988400145938";"-4.0624064";"5.3243583";"1";"504";"0";"0"
"704";"Feminin";"227";"10";"4";"2";"-4.09533642587656";"5.31643305509988";"-4.092811563";"5.31570529229429";"0";"291";"0";"0"
"705";"Feminin";"227";"10";"4";"2";"-4.0931707479778";"5.31643689692346";"-4.094421147";"5.315955722413";"0";"148";"0";"0"
"727";"Feminin";"35";"1";"7";"2";"-4.13596748827786";"5.32992672690252";"-4.137322552";"5.33369723948065";"1";"443";"0";"0"
"726";"Feminin";"35";"1";"7";"2";"-4.13380179324828";"5.32993072144216";"-4.136819972";"5.33332769566119";"1";"503";"0";"0"
"38";"Masculin";"154";"7";"14";"4";"-4.10900030423658";"5.36276349959644";"-4.1068433";"5.3633865";"0";"249";"0";"0"
"33";"Masculin";"154";"7";"14";"4";"-4.10674423076204";"5.36276758649617";"-4.1067398";"5.3641454";"1";"152";"0";"0"
"37";"Feminin";"154";"7";"14";"4";"-4.10899622333385";"5.36050229592172";"-4.1070311";"5.3633672";"0";"384";"0";"0"
"36";"Feminin";"154";"7";"14";"4";"-4.10674015815709";"5.36050638108852";"-4.1064722";"5.3641859";"1";"408";"0";"0"
"2";"Masculin";"216";"10";"15";"4";"-4.09547190472793";"5.36731032374658";"-4.0950531";"5.3683588";"0";"125";"0";"0"
"17";"Masculin";"216";"10";"15";"4";"-4.09321580424484";"5.36731436415862";"-4.0955804";"5.3695613";"1";"361";"1";"0"
"16";"Feminin";"216";"10";"15";"4";"-4.0954678701627";"5.36504911006684";"-4.0950002";"5.3676723";"0";"295";"0";"0"
"3";"Feminin";"216";"10";"15";"4";"-4.09321177798467";"5.36505314876708";"-4.0953608";"5.3692577";"1";"522";"1";"0"
"241";"Masculin";"204";"9";"6";"2";"-4.09986431523804";"5.32546988154948";"-4.097945";"5.3206783";"1";"571";"0";"0"
"242";"Masculin";"204";"9";"6";"2";"-4.09769860903447";"5.32547374580541";"-4.0968383";"5.3219367";"1";"403";"0";"0"
"252";"Masculin";"75";"3";"9";"4";"-4.12700743588466";"5.34011860045778";"-4.1274955";"5.3405091";"0";"69";"0";"0"
"258";"Masculin";"75";"3";"9";"4";"-4.12475145929367";"5.34012273629314";"-4.1261892";"5.340128";"0";"159";"0";"0"
"172";"Feminin";"75";"3";"9";"4";"-4.12700330634406";"5.33785740907767";"-4.1265707";"5.3369228";"0";"114";"0";"0"
"254";"Feminin";"75";"3";"9";"4";"-4.12474733801509";"5.33786154315199";"-4.1278044";"5.3410002";"0";"485";"0";"0"
"598";"Masculin";"367";"17";"11";"4";"-4.06385504318775";"5.34927622852546";"-4.0607674";"5.3499739";"0";"351";"0";"0"
"607";"Masculin";"367";"17";"11";"4";"-4.06159898527409";"5.3492801390758";"-4.06138";"5.3471499";"0";"237";"0";"0"
"305";"Feminin";"367";"17";"11";"4";"-4.06385113829625";"5.3470149898459";"-4.0610817";"5.3398333";"1";"851";"0";"0"
"306";"Feminin";"367";"17";"11";"4";"-4.06159508865968";"5.34701889873392";"-4.0612575";"5.3403328";"1";"740";"0";"0"
"389";"Masculin";"115";"5";"11";"2";"-4.11795275025963";"5.34804936943677";"-4.1165405";"5.3493121";"0";"210";"0";"0"
"392";"Feminin";"115";"5";"11";"2";"-4.11578697816589";"5.34805331390177";"-4.1150261";"5.3497889";"0";"210";"0";"0"
"542";"Masculin";"283";"13";"11";"4";"-4.08190344590245";"5.34924464540125";"-4.0815768";"5.3496918";"0";"61";"0";"0"
"543";"Masculin";"283";"13";"11";"4";"-4.07964740148739";"5.34924862233386";"-4.0820805";"5.3496505";"0";"273";"0";"0"
"189";"Masculin";"283";"13";"11";"4";"-4.08189947479532";"5.34698342014721";"-4.0775149";"5.3451837";"1";"525";"0";"0"
"538";"Masculin";"283";"13";"11";"4";"-4.0796434386571";"5.34698739538928";"-4.0822053";"5.3524354";"1";"666";"0";"0"
"380";"Masculin";"306";"14";"9";"2";"-4.07732845304413";"5.33907713993097";"-4.0728281";"5.3436963";"1";"714";"0";"0"
"381";"Masculin";"306";"14";"9";"2";"-4.07516268287495";"5.33908093458215";"-4.073225";"5.34233";"1";"418";"0";"0"
"645";"Masculin";"141";"6";"6";"4";"-4.11344709633429";"5.32657607732948";"-4.1106908";"5.323425";"0";"463";"0";"0"
"647";"Masculin";"141";"6";"6";"4";"-4.11119115869283";"5.32658015302769";"-4.1119596";"5.3261351";"0";"98";"0";"0"
"648";"Masculin";"141";"6";"6";"4";"-4.11344302688285";"5.32431487442243";"-4.1128278";"5.3266101";"0";"263";"0";"0"
"299";"Feminin";"141";"6";"6";"4";"-4.1111870974823";"5.32431894838085";"-4.1124856";"5.3259212";"0";"228";"0";"0"
"244";"Masculin";"226";"10";"5";"2";"-4.09534442224852";"5.32095548963286";"-4.0958633";"5.3220517";"0";"134";"0";"0"
"247";"Feminin";"226";"10";"5";"2";"-4.09317872854716";"5.3209593347426";"-4.0943833";"5.322885";"0";"251";"0";"0"
"215";"Feminin";"176";"8";"13";"4";"-4.10448002866962";"5.35824925063353";"-4.1021926";"5.3518262";"1";"754";"0";"0"
"217";"Feminin";"176";"8";"13";"4";"-4.10222396830568";"5.35825331744455";"-4.1018391";"5.3517434";"1";"721";"0";"0"
"396";"Feminin";"176";"8";"13";"4";"-4.10447596784035";"5.35598804315698";"-4.1035811";"5.3615943";"1";"628";"0";"0"
"397";"Feminin";"176";"8";"13";"4";"-4.10221991576714";"5.35599210824214";"-4.1048442";"5.3603919";"1";"567";"0";"0"
"642";"Masculin";"245";"11";"7";"2";"-4.09084850608564";"5.33000837241603";"-4.0907613";"5.3365764";"1";"726";"0";"0"
"644";"Masculin";"245";"11";"7";"2";"-4.08868277743772";"5.33001220822458";"-4.0908517";"5.332995";"1";"408";"0";"0"
"438";"Masculin";"415";"19";"5";"2";"-4.05473740437409";"5.32102631967333";"-4.0516818";"5.3254896";"1";"598";"0";"0"
"449";"Feminin";"415";"19";"5";"2";"-4.05257168146102";"5.32103002215976";"-4.0526733";"5.3189483";"0";"230";"0";"0"
"673";"Masculin";"263";"12";"10";"4";"-4.08640755600803";"5.34471422274909";"-4.0844289";"5.3429759";"0";"292";"0";"0"
"675";"Masculin";"263";"12";"10";"4";"-4.08415153155314";"5.34471821288179";"-4.0843871";"5.3453976";"0";"80";"0";"0"
"672";"Feminin";"263";"12";"10";"4";"-4.08640357176801";"5.34245300054826";"-4.0844186";"5.3419978";"0";"226";"0";"0"
"681";"Feminin";"263";"12";"10";"4";"-4.0841475555828";"5.34245698898339";"-4.0874018";"5.3455043";"0";"494";"0";"0"
"431";"Masculin";"434";"20";"7";"4";"-4.05028787517672";"5.33120957382352";"-4.0542968";"5.3301648";"1";"459";"0";"0"
"434";"Masculin";"434";"20";"7";"4";"-4.04803187340699";"5.33121342145697";"-4.05281";"5.3296017";"1";"559";"0";"0"
"428";"Feminin";"434";"20";"7";"4";"-4.05028403317592";"5.32894832387235";"-4.0531817";"5.3327683";"1";"531";"0";"0"
"435";"Feminin";"434";"20";"7";"4";"-4.04802803965506";"5.32895216986475";"-4.0519233";"5.3286733";"1";"433";"0";"0"
"552";"Masculin";"302";"14";"13";"4";"-4.07740719054851";"5.3582975038016";"-4.0747199";"5.3553584";"0";"441";"0";"0"
"549";"Masculin";"302";"14";"13";"4";"-4.07515110959437";"5.35830147087287";"-4.0787423";"5.3512352";"1";"877";"0";"0"
"458";"Masculin";"302";"14";"13";"4";"-4.07740322921012";"5.35603627584757";"-4.0738806";"5.3554417";"1";"396";"0";"0"
"553";"Feminin";"302";"14";"13";"4";"-4.07514715654708";"5.35604024123531";"-4.0755529";"5.3556193";"0";"65";"0";"0"
"188";"Masculin";"304";"14";"11";"4";"-4.07739135537257";"5.34925259096879";"-4.0759001";"5.3475547";"0";"250";"0";"0"
"190";"Masculin";"304";"14";"11";"4";"-4.07513530756156";"5.34925655130601";"-4.0776283";"5.3467093";"0";"394";"0";"0"
"192";"Masculin";"304";"14";"11";"4";"-4.07738740081917";"5.3469913623372";"-4.0770058";"5.3472293";"0";"50";"0";"0"
"193";"Masculin";"304";"14";"11";"4";"-4.07513136128506";"5.34699532099095";"-4.07592";"5.3473669";"0";"97";"0";"0"
"473";"Masculin";"241";"11";"11";"4";"-4.09092760649419";"5.34922865469467";"-4.0889799";"5.35028";"0";"245";"0";"0"
"625";"Masculin";"241";"11";"11";"4";"-4.08867156891363";"5.34923266481767";"-4.0881387";"5.3479447";"0";"154";"0";"0"
"627";"Masculin";"241";"11";"11";"4";"-4.09092360227999";"5.34696743623804";"-4.0898603";"5.3469737";"0";"118";"0";"0"
"626";"Feminin";"241";"11";"11";"4";"-4.08866757297615";"5.3469714446564";"-4.0892411";"5.3477443";"0";"106";"0";"0"
"498";"Masculin";"308";"14";"7";"2";"-4.07731267619709";"5.33003222121314";"-4.0753598";"5.3270233";"1";"397";"0";"0"
"501";"Feminin";"308";"14";"7";"2";"-4.07514693772945";"5.33003600940003";"-4.0741791";"5.3288928";"0";"166";"0";"0"
"21";"Masculin";"196";"9";"14";"4";"-4.09997599989741";"5.36277979728445";"-4.0953026";"5.3674995";"1";"735";"0";"0"
"43";"Masculin";"196";"9";"14";"4";"-4.09771991947401";"5.36278385091013";"-4.1041223";"5.3647252";"1";"741";"0";"0"
"49";"Feminin";"196";"9";"14";"4";"-4.09997195218595";"5.36051858669915";"-4.099433";"5.3624432";"0";"221";"0";"0"
"44";"Feminin";"196";"9";"14";"4";"-4.09771588006046";"5.36052263860601";"-4.1042838";"5.3642234";"1";"835";"0";"0"
"160";"Masculin";"139";"6";"8";"2";"-4.11341623390384";"5.33449036789147";"-4.1076984";"5.3344866";"1";"634";"0";"0"
"161";"Feminin";"139";"6";"8";"2";"-4.11125050605173";"5.33449428640755";"-4.1085104";"5.3356565";"1";"330";"0";"0"
"442";"Masculin";"393";"18";"6";"2";"-4.05925706184914";"5.32554106950879";"-4.0530083";"5.32672";"1";"705";"0";"0"
"441";"Feminin";"393";"18";"6";"2";"-4.05709132631014";"5.32554479102058";"-4.0527283";"5.325815";"1";"484";"0";"0"
"474";"Masculin";"240";"11";"12";"4";"-4.09093562007513";"5.35375109109978";"-4.088065";"5.35112";"0";"431";"0";"0"
"633";"Masculin";"240";"11";"12";"4";"-4.08867956593047";"5.35375510463212";"-4.0917637";"5.3489837";"1";"629";"0";"0"
"475";"Feminin";"240";"11";"12";"4";"-4.09093161242589";"5.35148987298194";"-4.0875889";"5.3545289";"0";"500";"0";"0"
"485";"Feminin";"240";"11";"12";"4";"-4.08867556656506";"5.3514938848096";"-4.0877463";"5.3526653";"0";"165";"0";"0"
"11";"Masculin";"132";"6";"15";"4";"-4.11352064619978";"5.36727770072847";"-4.1064854";"5.3660064";"1";"792";"0";"0"
"12";"Masculin";"132";"6";"15";"4";"-4.11126455961491";"5.36728180774506";"-4.1063259";"5.3653317";"1";"588";"0";"0"
"64";"Masculin";"132";"6";"15";"4";"-4.11351654519519";"5.36501650087008";"-4.1068828";"5.3641183";"1";"742";"0";"0"
"70";"Masculin";"132";"6";"15";"4";"-4.11126046691513";"5.36502060614664";"-4.1057717";"5.3655281";"1";"611";"0";"0"
"216";"Masculin";"177";"8";"12";"4";"-4.10447190874998";"5.35372683551078";"-4.1022718";"5.3517364";"0";"328";"0";"0"
"130";"Masculin";"177";"8";"12";"4";"-4.10221586496395";"5.35373089887011";"-4.1032659";"5.3481055";"1";"633";"0";"0"
"214";"Feminin";"177";"8";"12";"4";"-4.10446785139847";"5.35146562769502";"-4.1022059";"5.3522968";"0";"267";"0";"0"
"128";"Feminin";"177";"8";"12";"4";"-4.10221181589608";"5.35146968932851";"-4.1040417";"5.34763";"1";"470";"0";"0"
"618";"Masculin";"244";"11";"8";"2";"-4.09085649014072";"5.33453081176451";"-4.0911241";"5.3324605";"0";"231";"0";"0"
"619";"Masculin";"244";"11";"8";"2";"-4.08869074564919";"5.33453465084582";"-4.091302";"5.3335084";"0";"311";"0";"0"
"386";"Masculin";"348";"16";"9";"4";"-4.06835147829614";"5.34022344013904";"-4.0666142";"5.340932";"0";"208";"0";"0"
"387";"Masculin";"348";"16";"9";"4";"-4.06609545682265";"5.34022736060771";"-4.0658629";"5.3411928";"0";"110";"0";"0"
"384";"Feminin";"348";"16";"9";"4";"-4.06834756357824";"5.33796220411845";"-4.0685906";"5.3409217";"0";"328";"0";"0"
"385";"Feminin";"348";"16";"9";"4";"-4.06609155036758";"5.3379661229178";"-4.0677376";"5.3408271";"0";"365";"0";"0"
"170";"Masculin";"56";"2";"7";"3";"-4.13145711185122";"5.3307490681329";"-4.1275561";"5.3354388";"1";"675";"0";"0"
"187";"Feminin";"56";"2";"7";"3";"-4.12929141054784";"5.33075304741101";"-4.1291043";"5.3365308";"1";"639";"0";"0"
"185";"Feminin";"56";"2";"7";"3";"-4.13037095360873";"5.32894210719234";"-4.1287543";"5.3367401";"1";"881";"0";"0"
"469";"Masculin";"365";"17";"13";"4";"-4.06387067950307";"5.3583211815509";"-4.0661606";"5.3533645";"1";"604";"0";"0"
"272";"Masculin";"365";"17";"13";"4";"-4.06161458844554";"5.35832509875063";"-4.0666661";"5.3630658";"1";"767";"0";"1"
"468";"Feminin";"365";"17";"13";"4";"-4.06386676791178";"5.35605994354861";"-4.066858";"5.3543303";"1";"383";"0";"0"
"271";"Feminin";"365";"17";"13";"4";"-4.06161068514555";"5.35606385908597";"-4.0666735";"5.3630639";"1";"956";"0";"1"
"273";"Masculin";"298";"14";"17";"4";"-4.07743894232587";"5.37638732132351";"-4.0666189";"5.3643565";"1";"1791";"0";"1"
"276";"Masculin";"298";"14";"17";"4";"-4.07518279491505";"5.37639130186344";"-4.0666333";"5.3655088";"1";"1531";"0";"1"
"124";"Feminin";"298";"14";"17";"4";"-4.07743496741603";"5.37412609472799";"-4.0941177";"5.3789949";"1";"1925";"0";"0"
"117";"Feminin";"298";"14";"17";"4";"-4.07517882832472";"5.3741300735843";"-4.0970728";"5.3816373";"1";"2564";"0";"0"
"707";"Feminin";"15";"0";"6";"2";"-4.14047100768564";"5.32539601723253";"-4.140017169";"5.32446743951012";"0";"114";"0";"0"
"708";"Feminin";"15";"0";"6";"2";"-4.13830533192149";"5.32540002422292";"-4.1395006";"5.32354192014619";"0";"244";"0";"0"
"550";"Masculin";"303";"14";"12";"4";"-4.07739926956802";"5.35377504772404";"-4.0762415";"5.3516116";"0";"271";"0";"0"
"551";"Masculin";"303";"14";"12";"4";"-4.07514320519254";"5.35377901142827";"-4.0749825";"5.3544878";"0";"80";"0";"0"
"539";"Masculin";"303";"14";"12";"4";"-4.07739531162218";"5.35151381943109";"-4.0812372";"5.3530544";"1";"459";"0";"0"
"540";"Feminin";"303";"14";"12";"4";"-4.07513925553071";"5.35151778145181";"-4.0805643";"5.3526246";"1";"613";"0";"0"
"557";"Masculin";"288";"13";"6";"4";"-4.08186381147458";"5.32663238525372";"-4.0792296";"5.3244722";"0";"377";"0";"0"
"562";"Feminin";"288";"13";"6";"4";"-4.07960784966823";"5.3266363452815";"-4.0785156";"5.3238112";"0";"335";"0";"0"
"561";"Feminin";"288";"13";"6";"4";"-4.08185985739876";"5.3243711583105";"-4.0778255";"5.32396";"1";"449";"0";"0"
"571";"Feminin";"288";"13";"6";"4";"-4.07960390383376";"5.32437511664787";"-4.0782713";"5.3218569";"1";"315";"0";"0"
"134";"Masculin";"205";"9";"5";"3";"-4.09985772502756";"5.32176149146592";"-4.0983217";"5.3189383";"0";"356";"0";"0"
"240";"Feminin";"205";"9";"5";"3";"-4.0976920317942";"5.32176535301605";"-4.0982517";"5.3192167";"0";"289";"0";"0"
"146";"Feminin";"205";"9";"5";"3";"-4.09877166872482";"5.31995445159466";"-4.0990983";"5.3178617";"1";"234";"0";"0"
"60";"Masculin";"195";"9";"15";"4";"-4.09998410051601";"5.36730221794549";"-4.1056844";"5.3658238";"1";"652";"0";"0"
"71";"Masculin";"195";"9";"15";"4";"-4.09772800348617";"5.36730627500886";"-4.1056322";"5.3655511";"1";"897";"0";"0"
"98";"Masculin";"195";"9";"15";"4";"-4.09998004934075";"5.36504100769992";"-4.1010906";"5.3702625";"1";"590";"0";"0"
"48";"Feminin";"195";"9";"15";"4";"-4.09772396061591";"5.36504506304444";"-4.1030555";"5.3624531";"1";"657";"0";"0"
"55";"Masculin";"90";"4";"15";"4";"-4.1225449749712";"5.3672611894082";"-4.1004694";"5.3761688";"1";"2637";"0";"0"
"59";"Feminin";"90";"4";"15";"4";"-4.12028889542065";"5.3672653297263";"-4.1055445";"5.3658431";"1";"1641";"0";"0"
"56";"Feminin";"90";"4";"15";"4";"-4.12254084074769";"5.36499999654513";"-4.1011571";"5.3771373";"1";"2723";"0";"0"
"57";"Feminin";"90";"4";"15";"4";"-4.12028476950183";"5.3650041351091";"-4.1013063";"5.3735482";"1";"2305";"0";"0"
"286";"Masculin";"122";"5";"4";"4";"-4.1179426331813";"5.31752310246771";"-4.1128196";"5.320814";"1";"674";"0";"0"
"288";"Masculin";"122";"5";"4";"4";"-4.11568673199085";"5.31752718770246";"-4.1130783";"5.3203221";"1";"423";"0";"0"
"291";"Feminin";"122";"5";"4";"4";"-4.11793855428694";"5.31526190237638";"-4.1141892";"5.3190697";"1";"592";"0";"0"
"292";"Feminin";"122";"5";"4";"4";"-4.11568266132314";"5.31526598586432";"-4.1142157";"5.3189782";"1";"441";"0";"0"
"62";"Masculin";"133";"6";"14";"4";"-4.11351244594382";"5.3627553008417";"-4.1062987";"5.3644847";"1";"822";"0";"0"
"63";"Masculin";"133";"6";"14";"4";"-4.11125637596502";"5.36275940437827";"-4.1062853";"5.3645262";"1";"584";"0";"0"
"14";"Feminin";"133";"6";"14";"4";"-4.11350834844564";"5.36049410064344";"-4.1061861";"5.3643504";"1";"917";"0";"0"
"32";"Feminin";"133";"6";"14";"4";"-4.11125228676455";"5.36049820244001";"-4.1065076";"5.365098";"1";"731";"0";"0"
"535";"Masculin";"354";"16";"3";"2";"-4.06825754684512";"5.31195805583392";"-4.0731759";"5.3096556";"1";"602";"0";"0"
"536";"Feminin";"354";"16";"3";"2";"-4.06609186513959";"5.31196179945274";"-4.0703065";"5.3087305";"1";"588";"0";"0"
"634";"Masculin";"242";"11";"10";"4";"-4.09091959978325";"5.34470621761213";"-4.089239";"5.345063";"0";"190";"0";"0"
"635";"Masculin";"242";"11";"10";"4";"-4.08866357875259";"5.34471022432586";"-4.08905";"5.343402";"0";"151";"0";"0"
"682";"Masculin";"242";"11";"10";"4";"-4.09091559900396";"5.34244499881701";"-4.0873443";"5.3443661";"1";"449";"0";"0"
"683";"Masculin";"242";"11";"10";"4";"-4.08865958624292";"5.34244900382612";"-4.0872853";"5.343453";"1";"188";"0";"0"
"488";"Masculin";"261";"12";"12";"4";"-4.08642351007181";"5.35375910985984";"-4.0869415";"5.3537016";"0";"58";"0";"0"
"487";"Masculin";"261";"12";"12";"4";"-4.08416745250268";"5.35376310678292";"-4.0875616";"5.3535383";"1";"377";"0";"0"
"479";"Feminin";"261";"12";"12";"4";"-4.08641951899025";"5.35149788833618";"-4.0831519";"5.3546793";"0";"505";"0";"0"
"486";"Feminin";"261";"12";"12";"4";"-4.084163469705";"5.35150188356165";"-4.0877197";"5.3533143";"1";"442";"0";"0"
"510";"Feminin";"349";"16";"8";"4";"-4.06834365054219";"5.33570096792898";"-4.0669633";"5.3324987";"0";"386";"0";"0"
"508";"Feminin";"349";"16";"8";"4";"-4.06608764559081";"5.33570488505901";"-4.0691864";"5.3308124";"1";"641";"0";"0"
"353";"Feminin";"349";"16";"8";"4";"-4.06833973918796";"5.3334397315707";"-4.0612767";"5.3365867";"1";"857";"0";"0"
"350";"Feminin";"349";"16";"8";"4";"-4.0660837424923";"5.33344364703143";"-4.0613743";"5.3368901";"1";"646";"0";"0"
"719";"Feminin";"59";"2";"4";"1";"-4.13034799588719";"5.3163698910592";"-4.133583707";"5.31712534676061";"1";"368";"0";"0"
"608";"Masculin";"366";"17";"12";"2";"-4.06381578227514";"5.35266816456977";"-4.0623594";"5.3519916";"0";"178";"0";"0"
"609";"Masculin";"366";"17";"12";"2";"-4.06164995475261";"5.35267192109185";"-4.0611793";"5.3520487";"0";"86";"0";"0"
"669";"Masculin";"286";"13";"8";"2";"-4.08183254435432";"5.33454675762677";"-4.0852275";"5.3395748";"1";"671";"0";"0"
"670";"Feminin";"286";"13";"8";"2";"-4.07966679330245";"5.33455056493333";"-4.0844167";"5.3396683";"1";"773";"0";"0"
"137";"Masculin";"185";"8";"4";"4";"-4.10440719976802";"5.31754749015854";"-4.1038267";"5.3170317";"0";"86";"0";"0"
"235";"Masculin";"185";"8";"4";"4";"-4.10215128809417";"5.317551525906";"-4.1049533";"5.315315";"0";"397";"0";"0"
"138";"Feminin";"185";"8";"4";"4";"-4.10440317023404";"5.31528627963931";"-4.1034267";"5.3160367";"0";"136";"0";"0"
"236";"Feminin";"185";"8";"4";"4";"-4.10214726678704";"5.31529031366114";"-4.105415";"5.3171133";"0";"414";"0";"0"
"105";"Masculin";"92";"4";"13";"2";"-4.1220481040832";"5.35708669695402";"-4.1012154";"5.3794036";"1";"3379";"0";"0"
"26";"Feminin";"92";"4";"13";"2";"-4.12031546353768";"5.35708987004351";"-4.0956522";"5.3716872";"1";"3174";"1";"0"
"656";"Masculin";"100";"4";"5";"3";"-4.12133262182728";"5.32090875503182";"-4.1173309";"5.3240907";"1";"566";"0";"0"
"657";"Masculin";"100";"4";"5";"3";"-4.12025125762378";"5.32172475543224";"-4.1177139";"5.3234293";"1";"339";"0";"0"
"662";"Feminin";"100";"4";"5";"3";"-4.12133262182728";"5.32090875503182";"-4.1192676";"5.3243517";"1";"444";"0";"0"
"357";"Masculin";"371";"17";"7";"4";"-4.06382385095035";"5.33118631435692";"-4.0565392";"5.3385643";"1";"1148";"0";"0"
"309";"Masculin";"371";"17";"7";"4";"-4.06156785915402";"5.33119021160904";"-4.0613836";"5.3399282";"1";"966";"0";"0"
"509";"Feminin";"371";"17";"7";"4";"-4.06381995945695";"5.3289250743262";"-4.0686575";"5.3319923";"1";"634";"0";"0"
"511";"Feminin";"371";"17";"7";"4";"-4.06156397590931";"5.32892896991609";"-4.0680341";"5.3308253";"1";"747";"0";"0"
"520";"Masculin";"355";"16";"2";"2";"-4.06824976146128";"5.30743557934603";"-4.0698889";"5.3084664";"1";"214";"0";"0"
"518";"Feminin";"355";"16";"2";"2";"-4.06651722884149";"5.30743857228421";"-4.0693249";"5.307878";"0";"315";"0";"0"
"599";"Masculin";"388";"18";"11";"4";"-4.05934292568908";"5.34928404132823";"-4.0598108";"5.3484608";"0";"105";"0";"0"
"602";"Masculin";"388";"18";"11";"4";"-4.05708686443628";"5.3492879352827";"-4.0569766";"5.3473343";"0";"216";"0";"0"
"600";"Feminin";"388";"18";"11";"4";"-4.05933903735179";"5.34702279932755";"-4.0593505";"5.3473204";"0";"33";"0";"0"
"321";"Feminin";"388";"18";"11";"4";"-4.05708298437613";"5.34702669162676";"-4.060272";"5.3394021";"1";"914";"0";"0"
"139";"Masculin";"164";"7";"4";"2";"-4.10887187662061";"5.31640887152048";"-4.10242";"5.314835";"1";"736";"0";"0"
"237";"Feminin";"164";"7";"4";"2";"-4.10670620870405";"5.31641276084241";"-4.106185";"5.3168733";"0";"77";"0";"0"
"712";"Feminin";"37";"1";"5";"2";"-4.13595088150177";"5.3208819855";"-4.136831661";"5.32132497841398";"0";"109";"0";"0"
"713";"Feminin";"37";"1";"5";"2";"-4.13378521811607";"5.32088597322341";"-4.135786022";"5.3193315223941";"0";"281";"0";"0"
"141";"Masculin";"228";"10";"3";"1";"-4.09424560554442";"5.3119125401114";"-4.100075";"5.3146767";"1";"715";"0";"0"
"127";"Feminin";"199";"9";"11";"4";"-4.09995173960592";"5.34921253122774";"-4.1008461";"5.3471164";"0";"252";"0";"0"
"133";"Feminin";"199";"9";"11";"4";"-4.09769570891667";"5.34921657454064";"-4.1001688";"5.3482555";"0";"294";"0";"0"
"82";"Feminin";"199";"9";"11";"4";"-4.09994770228515";"5.34695131962496";"-4.104922";"5.3462156";"1";"557";"0";"0"
"129";"Feminin";"199";"9";"11";"4";"-4.09769167987248";"5.34695536121912";"-4.1026595";"5.3478928";"1";"560";"0";"0"
"142";"Masculin";"184";"8";"5";"2";"-4.10436812886502";"5.32093938646914";"-4.1011853";"5.3161368";"1";"637";"0";"0"
"243";"Feminin";"184";"8";"5";"2";"-4.10220244180508";"5.32094326327165";"-4.0967389";"5.3221891";"1";"621";"0";"0"
"35";"Masculin";"175";"8";"14";"4";"-4.10448815554497";"5.36277166507744";"-4.106338";"5.3644502";"1";"277";"0";"0"
"61";"Masculin";"175";"8";"14";"4";"-4.10223207858891";"5.36277573534021";"-4.1057599";"5.3651275";"1";"469";"0";"0"
"46";"Feminin";"175";"8";"14";"4";"-4.10448409123782";"5.36051045794038";"-4.1046583";"5.3634098";"0";"321";"0";"0"
"47";"Feminin";"175";"8";"14";"4";"-4.10222802257959";"5.36051452647727";"-4.1035783";"5.3629482";"0";"308";"0";"0"
"448";"Masculin";"374";"17";"4";"4";"-4.06380052710873";"5.31761887164537";"-4.0565067";"5.3188183";"1";"819";"0";"0"
"210";"Masculin";"374";"17";"4";"4";"-4.0615445847513";"5.31762275892432";"-4.066062";"5.3218955";"1";"688";"0";"0"
"211";"Masculin";"374";"17";"4";"4";"-4.06379664566264";"5.31535763060426";"-4.0661145";"5.3202537";"1";"599";"0";"0"
"446";"Feminin";"374";"17";"4";"4";"-4.0615407115326";"5.31536151622105";"-4.056995";"5.31884";"1";"634";"0";"0"
"688";"Feminin";"271";"12";"2";"3";"-4.08629834150976";"5.30821815514094";"-4.085056086";"5.30776185296417";"0";"147";"0";"0"
"693";"Feminin";"271";"12";"2";"3";"-4.08413268575051";"5.30822195936695";"-4.084042134";"5.30905221670189";"0";"92";"0";"0"
"696";"Feminin";"271";"12";"2";"3";"-4.08521235166367";"5.30641107759919";"-4.086741067";"5.30811690575851";"0";"254";"0";"0"
"556";"Masculin";"281";"13";"13";"4";"-4.08191934736428";"5.35828954472364";"-4.0815563";"5.3554764";"0";"314";"0";"0"
"554";"Masculin";"281";"13";"13";"4";"-4.07966326980633";"5.35829352841851";"-4.0764385";"5.3554301";"1";"477";"0";"0"
"537";"Masculin";"281";"13";"13";"4";"-4.08191536944376";"5.35602832014725";"-4.0824759";"5.3538277";"1";"251";"0";"0"
"480";"Feminin";"281";"13";"13";"4";"-4.07965930017686";"5.35603230215154";"-4.0828383";"5.3546483";"1";"384";"0";"0"
"371";"Masculin";"347";"16";"10";"4";"-4.06835931277761";"5.34474591167328";"-4.0661966";"5.3448515";"0";"240";"0";"0"
"373";"Masculin";"347";"16";"10";"4";"-4.0661032747678";"5.34474983548063";"-4.0672592";"5.3431887";"0";"215";"0";"0"
"370";"Feminin";"347";"16";"10";"4";"-4.06835539469592";"5.34248467599067";"-4.0651299";"5.3439168";"0";"391";"0";"0"
"372";"Feminin";"347";"16";"10";"4";"-4.06609936495605";"5.34248859812868";"-4.0672059";"5.3447584";"0";"279";"0";"0"
"717";"Feminin";"39";"1";"3";"1";"-4.13485148764165";"5.31183923280085";"-4.139351412";"5.31687094459753";"1";"747";"0";"0"
"313";"Masculin";"390";"18";"9";"4";"-4.0593273823464";"5.34023907231109";"-4.060325";"5.3385683";"0";"215";"0";"0"
"366";"Masculin";"390";"18";"9";"4";"-4.0570713541809";"5.34024295964458";"-4.0567845";"5.3356987";"1";"503";"0";"0"
"315";"Feminin";"390";"18";"9";"4";"-4.05932350068";"5.33797782963437";"-4.0601133";"5.337465";"0";"104";"0";"0"
"348";"Feminin";"390";"18";"9";"4";"-4.05706748077745";"5.33798171531263";"-4.059952";"5.3367216";"1";"349";"0";"0"
"121";"Masculin";"212";"10";"19";"4";"-4.09550424334709";"5.38540002706057";"-4.0961447";"5.3822056";"0";"360";"0";"0"
"101";"Feminin";"212";"10";"19";"4";"-4.09324807629568";"5.38540408116742";"-4.0958251";"5.3811192";"1";"553";"0";"0"
"108";"Feminin";"212";"10";"19";"4";"-4.09550019498217";"5.38313881474237";"-4.0947232";"5.3804388";"1";"311";"0";"0"
"109";"Feminin";"212";"10";"19";"4";"-4.09324403626423";"5.38314286713732";"-4.0947438";"5.3805057";"1";"336";"0";"0"
"495";"Masculin";"219";"10";"12";"4";"-4.0954477232082";"5.35374303912142";"-4.0887784";"5.34903";"1";"904";"0";"0"
"679";"Masculin";"219";"10";"12";"4";"-4.09319167250222";"5.35374706926288";"-4.0869891";"5.3470025";"1";"1014";"0";"0"
"680";"Masculin";"219";"10";"12";"4";"-4.09544369899141";"5.3514818244235";"-4.087305";"5.3461721";"1";"1076";"0";"0"
"222";"Feminin";"219";"10";"12";"4";"-4.09318765656919";"5.35148585285323";"-4.1005252";"5.3503526";"1";"823";"0";"0"
"450";"Masculin";"416";"19";"4";"2";"-4.05472970431009";"5.31650382460656";"-4.0521717";"5.3179783";"0";"327";"0";"0"
"451";"Feminin";"416";"19";"4";"2";"-4.05256399720067";"5.31650752392872";"-4.0519757";"5.3178103";"0";"158";"0";"0"
"614";"Masculin";"408";"19";"12";"4";"-4.05483855006726";"5.35381431104697";"-4.0547267";"5.3533417";"0";"54";"0";"0"
"615";"Masculin";"408";"19";"12";"4";"-4.05258246892444";"5.3538181917019";"-4.0529206";"5.3538797";"0";"38";"0";"0"
"616";"Masculin";"408";"19";"12";"4";"-4.05483467496288";"5.3515530660777";"-4.0555213";"5.3525625";"0";"135";"0";"0"
"617";"Feminin";"408";"19";"12";"4";"-4.05370857401474";"5.35268562953681";"-4.0572306";"5.3509738";"1";"434";"0";"0"
"407";"Masculin";"114";"5";"12";"3";"-4.11796243910685";"5.35338579568006";"-4.1117689";"5.3567604";"1";"781";"0";"0"
"391";"Masculin";"114";"5";"12";"3";"-4.11579664825273";"5.35338974410303";"-4.1149973";"5.3499828";"1";"387";"0";"0"
"118";"Feminin";"114";"5";"12";"3";"-4.11687626160988";"5.35157881223419";"-4.0999653";"5.3805888";"1";"3715";"0";"0"
"147";"Masculin";"305";"14";"10";"4";"-4.07738344796193";"5.34473013353641";"-4.0755904";"5.3451558";"0";"204";"0";"0"
"148";"Masculin";"305";"14";"10";"4";"-4.07512741670118";"5.34473409050668";"-4.0756063";"5.3451537";"0";"70";"0";"0"
"149";"Masculin";"305";"14";"10";"4";"-4.07737949680083";"5.34246890456647";"-4.0760105";"5.34439";"0";"261";"0";"0"
"151";"Feminin";"305";"14";"10";"4";"-4.07512347380989";"5.34247285985328";"-4.0769224";"5.3443514";"0";"288";"0";"0"
"363";"Masculin";"272";"12";"1";"4";"-4.0863361013395";"5.30401219731673";"-4.0843033";"5.3022193";"0";"300";"0";"0"
"367";"Masculin";"272";"12";"1";"4";"-4.08408022519584";"5.30401615689504";"-4.0851158";"5.3027705";"0";"179";"0";"0"
"388";"Masculin";"272";"12";"1";"4";"-4.08520618858951";"5.30288356511363";"-4.0846199";"5.3019748";"0";"120";"0";"0"
"690";"Feminin";"272";"12";"1";"4";"-4.08407627994242";"5.30175492996356";"-4.086517559";"5.30491454681052";"0";"442";"0";"0"
"478";"Masculin";"282";"13";"12";"4";"-4.08191139322664";"5.35376709540134";"-4.0827435";"5.3540394";"0";"97";"0";"0"
"494";"Masculin";"282";"13";"12";"4";"-4.07965533224723";"5.35377107571506";"-4.0873151";"5.3507857";"1";"911";"0";"0"
"476";"Feminin";"282";"13";"12";"4";"-4.08190741871288";"5.35150587048598";"-4.0823883";"5.354795";"0";"368";"0";"0"
"477";"Feminin";"282";"13";"12";"4";"-4.07965136601742";"5.35150984910914";"-4.0826213";"5.3546783";"0";"481";"0";"0"
"447";"Masculin";"395";"18";"4";"2";"-4.05924158920358";"5.3164960932747";"-4.05658";"5.3187617";"0";"387";"0";"0"
"445";"Masculin";"395";"18";"4";"2";"-4.05707588528527";"5.31649980843082";"-4.0572283";"5.31947";"1";"329";"0";"0"
"84";"Masculin";"157";"7";"11";"4";"-4.10897584501045";"5.34919627500245";"-4.1052955";"5.3455683";"1";"572";"0";"0"
"91";"Feminin";"157";"7";"11";"4";"-4.10671982126929";"5.34920035150476";"-4.1047374";"5.3430398";"1";"716";"0";"0"
"86";"Feminin";"157";"7";"11";"4";"-4.1089717745836";"5.34693507030996";"-4.1058929";"5.3451178";"1";"396";"0";"0"
"87";"Feminin";"157";"7";"11";"4";"-4.10671575911891";"5.34693914507941";"-4.1059623";"5.343932";"1";"343";"0";"0"
"110";"Masculin";"213";"10";"18";"4";"-4.09549614834231";"5.38087760225372";"-4.0941953";"5.3786168";"0";"289";"0";"0"
"100";"Feminin";"213";"10";"18";"4";"-4.09323999795429";"5.3808816529368";"-4.0957239";"5.3809593";"0";"275";"0";"0"
"102";"Feminin";"213";"10";"18";"4";"-4.0954921034275";"5.37861638959471";"-4.0964175";"5.3813436";"0";"318";"0";"0"
"107";"Feminin";"213";"10";"18";"4";"-4.09323596136584";"5.37862043856591";"-4.0948224";"5.3805117";"0";"273";"0";"0"
"452";"Masculin";"437";"20";"4";"2";"-4.05021781277583";"5.31651152295096";"-4.0515467";"5.3178183";"1";"206";"0";"0"
"419";"Feminin";"437";"20";"4";"2";"-4.04805210248892";"5.31651520643904";"-4.050915";"5.3161367";"0";"320";"0";"0"
"140";"Masculin";"206";"9";"4";"4";"-4.09989537468551";"5.31755555340548";"-4.1004517";"5.314385";"0";"356";"0";"0"
"145";"Masculin";"206";"9";"4";"4";"-4.09763945954559";"5.31755957265694";"-4.0990517";"5.31781";"0";"159";"0";"0"
"135";"Feminin";"206";"9";"4";"4";"-4.09989136160525";"5.31529433943851";"-4.0996383";"5.3183317";"0";"337";"0";"0"
"144";"Feminin";"206";"9";"4";"4";"-4.09763545469224";"5.31529835697138";"-4.1001417";"5.316305";"0";"299";"0";"0"
"248";"Masculin";"246";"11";"6";"1";"-4.08975767268787";"5.32548784961207";"-4.0940133";"5.3224583";"1";"578";"0";"0"
"382";"Masculin";"327";"15";"9";"4";"-4.07286351619395";"5.34021557435056";"-4.0732117";"5.3410832";"0";"103";"0";"0"
"312";"Masculin";"327";"15";"9";"4";"-4.07060749808776";"5.34021951138665";"-4.0607033";"5.3387082";"1";"1110";"0";"0"
"383";"Feminin";"327";"15";"9";"4";"-4.07285958495048";"5.33795434167921";"-4.0706407";"5.3408948";"0";"408";"0";"0"
"311";"Feminin";"327";"15";"9";"4";"-4.07060357510706";"5.33795827703891";"-4.0610019";"5.3390403";"1";"1071";"0";"0"
"437";"Masculin";"435";"20";"6";"2";"-4.0502331536678";"5.32555652558126";"-4.0519467";"5.32662";"1";"223";"0";"0"
"439";"Masculin";"435";"20";"6";"2";"-4.04806741175975";"5.32556021537085";"-4.0519133";"5.3252183";"1";"428";"0";"0"
"715";"Feminin";"17";"0";"4";"2";"-4.14045434934641";"5.31635128872177";"-4.13735682";"5.31818495488576";"0";"399";"0";"0"
"716";"Feminin";"17";"0";"4";"2";"-4.13828870519863";"5.31635528886895";"-4.138700546";"5.31628610856302";"0";"46";"0";"0"
"532";"Masculin";"312";"14";"3";"4";"-4.07732828604121";"5.31307291259758";"-4.0744106";"5.3106216";"0";"422";"0";"0"
"533";"Masculin";"312";"14";"3";"4";"-4.07507237023474";"5.31307684600051";"-4.0746716";"5.3108967";"0";"245";"0";"0"
"531";"Feminin";"312";"14";"3";"4";"-4.07732435862283";"5.31081168126709";"-4.0740457";"5.3102597";"0";"368";"0";"0"
"534";"Feminin";"312";"14";"3";"4";"-4.07506845103648";"5.31081561298673";"-4.0752107";"5.3113736";"0";"64";"0";"0"
"427";"Masculin";"392";"18";"7";"4";"-4.05931186568657";"5.33119410059146";"-4.0589017";"5.32947";"0";"196";"0";"0"
"426";"Feminin";"392";"18";"7";"4";"-4.05705587055157";"5.33119798130415";"-4.05845";"5.3293967";"0";"252";"0";"0"
"361";"Feminin";"392";"18";"7";"4";"-4.05930799069058";"5.32893285723982";"-4.0559754";"5.3369713";"1";"962";"0";"0"
"310";"Feminin";"392";"18";"7";"4";"-4.05705200380433";"5.32893673629733";"-4.0611517";"5.3396418";"1";"1268";"0";"0"
"334";"Masculin";"311";"14";"4";"4";"-4.07733614596512";"5.31759537475403";"-4.0774175";"5.3169964";"0";"67";"0";"0"
"409";"Masculin";"311";"14";"4";"4";"-4.07508021370778";"5.31759931152359";"-4.0753615";"5.3152494";"0";"262";"0";"0"
"331";"Feminin";"311";"14";"4";"4";"-4.07733221515529";"5.31533414375992";"-4.0753404";"5.3167596";"0";"271";"0";"0"
"336";"Feminin";"311";"14";"4";"4";"-4.07507629112517";"5.31533807884615";"-4.0765664";"5.3187085";"0";"408";"0";"0"
"470";"Masculin";"346";"16";"11";"2";"-4.06832007206183";"5.34813784348764";"-4.0665727";"5.3532713";"1";"600";"0";"0"
"471";"Feminin";"346";"16";"11";"2";"-4.06615426365731";"5.34814161274659";"-4.0670282";"5.3521172";"1";"450";"0";"0"
"652";"Masculin";"120";"5";"6";"4";"-4.11795896635562";"5.32656790114726";"-4.1160537";"5.3265159";"0";"211";"0";"0"
"664";"Masculin";"120";"5";"6";"4";"-4.11570303222307";"5.32657199336933";"-4.11787";"5.3259283";"0";"250";"0";"0"
"651";"Feminin";"120";"5";"6";"4";"-4.11795488042245";"5.32430670173039";"-4.1146043";"5.3276545";"0";"524";"0";"0"
"663";"Feminin";"120";"5";"6";"4";"-4.11569895453075";"5.3243107922056";"-4.1186367";"5.32507";"0";"336";"0";"0"
"344";"Masculin";"293";"13";"1";"2";"-4.08177726111701";"5.3028895728808";"-4.0826046";"5.3018381";"0";"148";"0";"0"
"343";"Feminin";"293";"13";"1";"2";"-4.07961162068576";"5.30289335746862";"-4.0812426";"5.303273";"0";"186";"0";"0"
"637";"Masculin";"221";"10";"10";"4";"-4.09543163668872";"5.34469817931331";"-4.089231";"5.3397695";"1";"877";"0";"0"
"630";"Masculin";"221";"10";"10";"4";"-4.09317561909648";"5.34470220260794";"-4.091245";"5.3472735";"1";"356";"0";"0"
"665";"Feminin";"221";"10";"10";"4";"-4.09542761937028";"5.34243696393801";"-4.0879698";"5.3411859";"1";"838";"0";"0"
"132";"Feminin";"221";"10";"10";"4";"-4.0931716100476";"5.34244098552097";"-4.1022774";"5.3468987";"1";"1123";"0";"0"
"521";"Masculin";"335";"15";"1";"2";"-4.07275374900401";"5.30290529198634";"-4.0738751";"5.3076671";"1";"541";"0";"0"
"517";"Feminin";"335";"15";"1";"2";"-4.07058810206858";"5.30290904498855";"-4.0702126";"5.3067872";"1";"431";"0";"0"
"75";"Masculin";"158";"7";"10";"4";"-4.10896770590261";"5.34467386544809";"-4.1056801";"5.3455585";"0";"377";"0";"0"
"582";"Masculin";"158";"7";"10";"4";"-4.10671169871085";"5.34467793848469";"-4.1052868";"5.3414833";"1";"387";"0";"0"
"77";"Feminin";"158";"7";"10";"4";"-4.10896363896747";"5.34241266041691";"-4.1060666";"5.3450251";"0";"432";"0";"0"
"93";"Feminin";"158";"7";"10";"4";"-4.10670764004508";"5.34241673172067";"-4.1043983";"5.3426859";"1";"258";"0";"0"
"502";"Masculin";"329";"15";"7";"4";"-4.07284780135363";"5.33117064265201";"-4.0729399";"5.3290774";"0";"232";"0";"0"
"503";"Masculin";"329";"15";"7";"4";"-4.07059181627722";"5.33117457298264";"-4.0728424";"5.3287365";"0";"367";"0";"0"
"512";"Masculin";"329";"15";"7";"4";"-4.07284387686577";"5.32890940930546";"-4.0710517";"5.3297333";"0";"218";"0";"0"
"513";"Masculin";"329";"15";"7";"4";"-4.07058790003793";"5.32891333795975";"-4.0710477";"5.329893";"0";"120";"0";"0"
"282";"Masculin";"299";"14";"16";"4";"-4.07743099420273";"5.37186486796241";"-4.0692834";"5.3624564";"1";"1377";"0";"1"
"274";"Masculin";"299";"14";"16";"4";"-4.07517486342738";"5.37186884513511";"-4.0666271";"5.3649513";"1";"1217";"0";"1"
"275";"Masculin";"299";"14";"16";"4";"-4.07742702268594";"5.36960364102684";"-4.0666281";"5.3649471";"1";"1303";"0";"1"
"281";"Feminin";"299";"14";"16";"4";"-4.07517090022299";"5.36960761651593";"-4.0692569";"5.3624838";"1";"1025";"0";"1"
"725";"Feminin";"14";"0";"7";"1";"-4.13939650203646";"5.3299203866333";"-4.138668874";"5.33542511931902";"1";"614";"0";"0"
"362";"Masculin";"412";"19";"8";"4";"-4.05480759573088";"5.33572434655812";"-4.0558283";"5.3362683";"0";"128";"0";"0"
"365";"Feminin";"412";"19";"8";"4";"-4.05300201271381";"5.33527519168129";"-4.0556836";"5.3359483";"0";"306";"0";"0"
"355";"Feminin";"412";"19";"8";"4";"-4.05480373391148";"5.33346310023693";"-4.0572108";"5.3391639";"1";"684";"0";"0"
"356";"Feminin";"412";"19";"8";"4";"-4.05254772719965";"5.33346696605819";"-4.0568335";"5.3389143";"1";"767";"0";"0"
"104";"Masculin";"191";"9";"19";"4";"-4.10001657227104";"5.38539189378523";"-4.098767";"5.3824207";"0";"356";"0";"0"
"122";"Masculin";"191";"9";"19";"4";"-4.09776040867339";"5.38539596459983";"-4.0941314";"5.3800444";"1";"715";"0";"0"
"103";"Feminin";"191";"9";"19";"4";"-4.10001250723928";"5.38313068490139";"-4.096929";"5.3820256";"0";"363";"0";"0"
"123";"Feminin";"191";"9";"19";"4";"-4.09775635197503";"5.38313475399705";"-4.0939701";"5.3802529";"1";"527";"0";"0"
"454";"Masculin";"323";"15";"13";"4";"-4.07289502694745";"5.35830542963229";"-4.0699899";"5.3557161";"0";"431";"0";"0"
"455";"Masculin";"323";"15";"13";"4";"-4.07063894261131";"5.35830938007983";"-4.0708427";"5.3556521";"0";"295";"0";"0"
"456";"Masculin";"323";"15";"13";"4";"-4.07289108219131";"5.35604419831473";"-4.0715037";"5.3557098";"0";"158";"0";"0"
"457";"Masculin";"323";"15";"13";"4";"-4.07063500614634";"5.3560481470858";"-4.0731057";"5.355804";"0";"275";"0";"0"
"327";"Masculin";"353";"16";"4";"4";"-4.06831240679662";"5.31761107234198";"-4.0708999";"5.3188477";"1";"318";"0";"0"
"329";"Feminin";"353";"16";"4";"4";"-4.06605646779169";"5.31761497611791";"-4.0722654";"5.3198247";"1";"730";"0";"0"
"208";"Feminin";"353";"16";"4";"4";"-4.06830850889583";"5.31534983463575";"-4.0656822";"5.3221243";"1";"804";"0";"0"
"209";"Feminin";"353";"16";"4";"4";"-4.06605257811823";"5.31535373674248";"-4.0656827";"5.3215846";"1";"690";"0";"0"
"546";"Masculin";"284";"13";"10";"4";"-4.08189550539146";"5.34472219472393";"-4.0817316";"5.347982";"1";"361";"0";"0"
"547";"Masculin";"284";"13";"10";"4";"-4.07963947752654";"5.34472616827548";"-4.0810369";"5.3492598";"1";"525";"0";"0"
"150";"Masculin";"284";"13";"10";"4";"-4.08189153769084";"5.34246096913149";"-4.0761522";"5.3444599";"1";"673";"0";"0"
"154";"Feminin";"284";"13";"10";"4";"-4.07963551809566";"5.34246494099253";"-4.0760744";"5.3456152";"1";"526";"0";"0"
"261";"Masculin";"53";"2";"10";"4";"-4.1315276812135";"5.34463267912539";"-4.1263405";"5.3402067";"1";"755";"0";"0"
"250";"Feminin";"53";"2";"10";"4";"-4.12927169163985";"5.34463683506273";"-4.1270872";"5.341141";"1";"456";"0";"0"
"251";"Feminin";"53";"2";"10";"4";"-4.13152353158639";"5.34237149161656";"-4.1275291";"5.3404569";"1";"491";"0";"0"
"264";"Feminin";"53";"2";"10";"4";"-4.12926755028179";"5.3423756457858";"-4.1264045";"5.3402088";"1";"398";"0";"0"
"238";"Masculin";"165";"7";"3";"2";"-4.10886378846526";"5.31188645699961";"-4.10708";"5.3124517";"0";"207";"0";"0"
"239";"Feminin";"165";"7";"3";"2";"-4.1066981363373";"5.31189034299479";"-4.1069233";"5.3134183";"0";"171";"0";"0"
"359";"Masculin";"456";"21";"6";"2";"-4.04572118964366";"5.3255642040514";"-4.0555499";"5.3373";"1";"1694";"0";"0"
"358";"Feminin";"456";"21";"6";"2";"-4.04463831729703";"5.32556604196724";"-4.0554205";"5.3376306";"1";"1791";"0";"0"
"202";"Masculin";"372";"17";"6";"4";"-4.06381606963818";"5.3266638341269";"-4.0642323";"5.3265351";"0";"48";"0";"0"
"201";"Masculin";"372";"17";"6";"4";"-4.06156009433567";"5.32666772805459";"-4.0655246";"5.3264064";"1";"440";"0";"0"
"207";"Masculin";"372";"17";"6";"4";"-4.063812181494";"5.3244025937591";"-4.0659924";"5.3226493";"1";"310";"0";"0"
"203";"Feminin";"372";"17";"6";"4";"-4.06155621443309";"5.32440648602458";"-4.0627483";"5.3264083";"0";"258";"0";"0"
"97";"Masculin";"218";"10";"13";"4";"-4.09545577681579";"5.35826546800864";"-4.1018096";"5.3710967";"1";"1584";"0";"0"
"6";"Feminin";"218";"10";"13";"4";"-4.09319970953164";"5.35826950157358";"-4.1052088";"5.3665306";"1";"1614";"0";"0"
"69";"Feminin";"218";"10";"13";"4";"-4.09545174914965";"5.35600425364983";"-4.105612";"5.3650795";"1";"1508";"0";"0"
"25";"Feminin";"218";"10";"13";"4";"-4.09319569015636";"5.35600828550302";"-4.0962956";"5.370679";"1";"1658";"1";"0"
"459";"Masculin";"324";"15";"12";"4";"-4.07288713912435";"5.3537829668277";"-4.0737659";"5.3542977";"0";"113";"0";"0"
"460";"Masculin";"324";"15";"12";"4";"-4.070631071367";"5.35378691392231";"-4.0734433";"5.3532231";"0";"318";"0";"0"
"461";"Feminin";"324";"15";"12";"4";"-4.07288319774656";"5.35152173517126";"-4.0727229";"5.3521047";"0";"67";"0";"0"
"462";"Feminin";"324";"15";"12";"4";"-4.07062713827328";"5.35152568058942";"-4.0714879";"5.3520117";"0";"109";"0";"0"
"79";"Masculin";"200";"9";"10";"4";"-4.09994366669604";"5.34469010785286";"-4.1042714";"5.3421614";"1";"555";"0";"0"
"80";"Masculin";"200";"9";"10";"4";"-4.09768765255642";"5.34469414772827";"-4.103608";"5.3416088";"1";"739";"0";"0"
"585";"Masculin";"200";"9";"10";"4";"-4.09993963283857";"5.34242889591149";"-4.1028431";"5.3420728";"1";"324";"0";"0"
"586";"Feminin";"200";"9";"10";"4";"-4.09768362696845";"5.34243293406817";"-4.1020718";"5.341603";"1";"495";"0";"0"
"293";"Masculin";"163";"7";"5";"3";"-4.10888142962354";"5.32174531978856";"-4.1100338";"5.3218985";"0";"129";"0";"0"
"294";"Feminin";"163";"7";"5";"3";"-4.10671574305889";"5.3217492130361";"-4.1091867";"5.3216883";"0";"274";"0";"0"
"302";"Feminin";"163";"7";"5";"3";"-4.10779535030863";"5.31993830128811";"-4.1111075";"5.3230325";"1";"502";"0";"0"
"639";"Masculin";"222";"10";"9";"3";"-4.09537792174969";"5.33985925867763";"-4.0922966";"5.3396088";"0";"343";"0";"0"
"640";"Masculin";"222";"10";"9";"3";"-4.09321216184596";"5.33986311752403";"-4.0920883";"5.3386683";"0";"182";"0";"0"
"223";"Feminin";"222";"10";"9";"3";"-4.09429183426082";"5.33805221579374";"-4.1020162";"5.3461752";"1";"1241";"0";"0"
"661";"Masculin";"121";"5";"5";"3";"-4.11790510629238";"5.32172901603991";"-4.1190839";"5.3235359";"1";"239";"0";"0"
"660";"Feminin";"121";"5";"5";"3";"-4.11573942645096";"5.32173294098438";"-4.1183134";"5.3228592";"0";"311";"0";"0"
"653";"Feminin";"121";"5";"5";"3";"-4.11681900399297";"5.31992201895517";"-4.1151754";"5.3258454";"1";"680";"0";"0"
"4";"Masculin";"174";"8";"15";"4";"-4.10449628937628";"5.36729407884194";"-4.1047388";"5.3668143";"0";"59";"0";"0"
"34";"Masculin";"174";"8";"15";"4";"-4.1022401958139";"5.36729815255651";"-4.1065185";"5.3644067";"1";"572";"0";"0"
"5";"Feminin";"174";"8";"15";"4";"-4.10449222159112";"5.36503287204465";"-4.1050609";"5.3668754";"0";"213";"0";"0"
"31";"Feminin";"174";"8";"15";"4";"-4.10223613633367";"5.36503694403331";"-4.1065172";"5.3652816";"1";"475";"0";"0"
"687";"Feminin";"270";"12";"3";"2";"-4.08630483383039";"5.31192656370453";"-4.08418376";"5.31135810937345";"0";"243";"0";"0"
"692";"Feminin";"270";"12";"3";"2";"-4.08413916513416";"5.31193037060291";"-4.086202014";"5.3100495637168";"0";"309";"0";"0"
"555";"Masculin";"280";"13";"14";"4";"-4.08192730831561";"5.36281199336758";"-4.0784735";"5.3556011";"1";"884";"0";"0"
"541";"Masculin";"280";"13";"14";"4";"-4.07967121416492";"5.36281598044365";"-4.0805114";"5.350882";"1";"1323";"0";"0"
"548";"Feminin";"280";"13";"14";"4";"-4.08192332698822";"5.36055076913044";"-4.0799225";"5.350765";"1";"1104";"0";"0"
"126";"Feminin";"280";"13";"14";"4";"-4.07966724113567";"5.36055475451591";"-4.0973634";"5.3733476";"1";"2418";"0";"0"
"643";"Masculin";"224";"10";"7";"1";"-4.09427757320709";"5.33000228346984";"-4.0907209";"5.3346461";"1";"647";"0";"0"
"399";"Masculin";"155";"7";"13";"4";"-4.10899214417718";"5.35824109207719";"-4.1081939";"5.3589722";"0";"120";"0";"0"
"398";"Feminin";"155";"7";"13";"4";"-4.10673608729464";"5.35824517551107";"-4.1081056";"5.3590666";"0";"177";"0";"0"
"39";"Feminin";"155";"7";"13";"4";"-4.10898806676653";"5.35597988806293";"-4.1065161";"5.3635199";"1";"877";"0";"0"
"40";"Feminin";"155";"7";"13";"4";"-4.10673201817467";"5.3559839697639";"-4.1064308";"5.363504";"1";"832";"0";"0"
"339";"Masculin";"310";"14";"5";"4";"-4.07734401267212";"5.32211783623732";"-4.0745591";"5.3198291";"0";"399";"0";"0"
"342";"Masculin";"310";"14";"5";"4";"-4.0750880639497";"5.32212177637354";"-4.0718818";"5.3208866";"1";"381";"0";"0"
"324";"Feminin";"310";"14";"5";"4";"-4.07734007847072";"5.31985660557986";"-4.0758061";"5.3198987";"0";"170";"0";"0"
"335";"Feminin";"310";"14";"5";"4";"-4.07508413798262";"5.31986054403274";"-4.0769157";"5.3186868";"1";"241";"0";"0"
"698";"Feminin";"248";"11";"4";"2";"-4.0908245951314";"5.3164410503228";"-4.091741775";"5.31858309617787";"0";"258";"0";"0"
"699";"Feminin";"248";"11";"4";"2";"-4.08865891393249";"5.31644487631335";"-4.08993117";"5.31835416902525";"0";"254";"0";"0"
"163";"Masculin";"182";"8";"7";"3";"-4.10438572859676";"5.33079826141161";"-4.1061125";"5.3293595";"1";"249";"0";"0"
"157";"Feminin";"182";"8";"7";"3";"-4.10222000704046";"5.33080214543716";"-4.108722";"5.3321215";"1";"735";"0";"0"
"296";"Feminin";"182";"8";"7";"3";"-4.10329963940183";"5.32899123607485";"-4.1066966";"5.3310643";"1";"441";"0";"0"
"482";"Masculin";"239";"11";"13";"4";"-4.09094364052632";"5.35827352682691";"-4.0885991";"5.3535785";"1";"580";"0";"0"
"492";"Masculin";"239";"11";"13";"4";"-4.08868756980337";"5.35827754376862";"-4.0871078";"5.3525017";"1";"662";"0";"0"
"684";"Masculin";"239";"11";"13";"4";"-4.09093962944193";"5.35601230904813";"-4.0873879";"5.3475889";"1";"1011";"0";"0"
"481";"Feminin";"239";"11";"13";"4";"-4.0886835670099";"5.35601632428514";"-4.0886823";"5.3534196";"1";"287";"0";"0"
"421";"Feminin";"459";"21";"3";"2";"-4.04569828699805";"5.31199667942691";"-4.0473317";"5.3092233";"1";"356";"0";"0"
"423";"Feminin";"459";"21";"3";"2";"-4.04396572899084";"5.31199961164784";"-4.0469183";"5.3091333";"1";"456";"0";"0"
"575";"Masculin";"268";"12";"5";"4";"-4.08636779056796";"5.32210199313891";"-4.0802842";"5.323615";"1";"695";"0";"0"
"565";"Masculin";"268";"12";"5";"4";"-4.08411184865017";"5.32210596629648";"-4.0790335";"5.3225051";"1";"565";"0";"0"
"566";"Masculin";"268";"12";"5";"4";"-4.08636382342962";"5.31984076925008";"-4.0793918";"5.3225674";"1";"829";"0";"0"
"701";"Feminin";"268";"12";"5";"4";"-4.08410788974602";"5.3198447407102";"-4.088911231";"5.31585029391858";"1";"692";"0";"0"
"23";"Masculin";"238";"11";"14";"4";"-4.09095166784801";"5.36279596187549";"-4.0961575";"5.3689985";"1";"896";"1";"0"
"18";"Feminin";"238";"11";"14";"4";"-4.08869558053257";"5.36279998222662";"-4.0961163";"5.3708377";"1";"1211";"1";"0"
"19";"Feminin";"238";"11";"14";"4";"-4.09094765332834";"5.36053474443606";"-4.0960698";"5.3705916";"1";"1248";"1";"0"
"24";"Feminin";"238";"11";"14";"4";"-4.08869157431092";"5.36053876308247";"-4.0960488";"5.3705868";"1";"1378";"1";"0"
"583";"Masculin";"201";"9";"9";"4";"-4.0999356007127";"5.34016768380094";"-4.1038264";"5.3417562";"1";"466";"0";"0"
"584";"Masculin";"201";"9";"9";"4";"-4.09767960310853";"5.3401717202389";"-4.1034101";"5.3420683";"1";"669";"0";"0"
"577";"Feminin";"201";"9";"9";"4";"-4.09993157031841";"5.33790647152126";"-4.101005";"5.338295";"0";"126";"0";"0"
"590";"Feminin";"201";"9";"9";"4";"-4.09767558097664";"5.33791050624052";"-4.1002795";"5.3376621";"0";"290";"0";"0"
"453";"Masculin";"344";"16";"13";"4";"-4.0683828565895";"5.35831332221547";"-4.0693383";"5.3558471";"0";"292";"0";"0"
"467";"Masculin";"344";"16";"13";"4";"-4.06612676888557";"5.35831725603917";"-4.0678852";"5.3543436";"1";"481";"0";"0"
"269";"Masculin";"344";"16";"13";"4";"-4.06837892841573";"5.35605208754849";"-4.0665952";"5.3626944";"1";"761";"0";"1"
"270";"Masculin";"344";"16";"13";"4";"-4.06612284900302";"5.35605601970277";"-4.066654";"5.3626959";"1";"736";"0";"1"
"659";"Masculin";"119";"5";"7";"2";"-4.1179199796422";"5.32995978193394";"-4.11548";"5.3287517";"0";"302";"0";"0"
"658";"Feminin";"119";"5";"7";"2";"-4.11575427100173";"5.3299637129826";"-4.1152044";"5.3279499";"0";"231";"0";"0"
"283";"Masculin";"142";"6";"5";"4";"-4.11343895918406";"5.32205367134669";"-4.1111692";"5.3223659";"0";"254";"0";"0"
"289";"Masculin";"142";"6";"5";"4";"-4.11118303802087";"5.32205774356533";"-4.111858";"5.3195661";"0";"285";"0";"0"
"290";"Masculin";"142";"6";"5";"4";"-4.11343489323789";"5.31979246810232";"-4.1124327";"5.3193443";"0";"122";"0";"0"
"284";"Feminin";"142";"6";"5";"4";"-4.11117898030851";"5.31979653858119";"-4.1117422";"5.322719";"0";"329";"0";"0"
"443";"Masculin";"394";"18";"5";"2";"-4.05924932219166";"5.32101858172835";"-4.0581967";"5.3220233";"0";"161";"0";"0"
"444";"Feminin";"394";"18";"5";"2";"-4.05708360246982";"5.32102230006229";"-4.05733";"5.3204633";"0";"68";"0";"0"
"74";"Masculin";"178";"8";"11";"4";"-4.10446379578579";"5.34920441970976";"-4.1051895";"5.3463039";"0";"331";"0";"0"
"73";"Feminin";"178";"8";"11";"4";"-4.10220776856348";"5.34920847961743";"-4.1049661";"5.3461681";"0";"454";"0";"0"
"224";"Feminin";"178";"8";"11";"4";"-4.10445974191191";"5.34694321155508";"-4.1024101";"5.3454203";"1";"283";"0";"0"
"587";"Feminin";"178";"8";"11";"4";"-4.10220372296614";"5.34694726973694";"-4.102129";"5.342555";"1";"486";"0";"0"
"697";"Feminin";"247";"11";"5";"2";"-4.09083255858123";"5.32096349169461";"-4.090447456";"5.32035353140553";"0";"80";"0";"0"
"700";"Feminin";"247";"11";"5";"2";"-4.08866686157961";"5.32096732095778";"-4.090069913";"5.31890220675427";"0";"276";"0";"0"
"167";"Feminin";"55";"2";"8";"4";"-4.13151109339274";"5.33558792807419";"-4.1290737";"5.3364752";"0";"287";"0";"0"
"168";"Feminin";"55";"2";"8";"4";"-4.129255136874";"5.33559207693919";"-4.1293627";"5.3365856";"0";"110";"0";"0"
"174";"Feminin";"55";"2";"8";"4";"-4.13150695089065";"5.33332673988835";"-4.1283224";"5.3383647";"1";"659";"0";"0"
"176";"Feminin";"55";"2";"8";"4";"-4.12925100262676";"5.33333088698528";"-4.1293449";"5.3384242";"1";"563";"0";"0"
"622";"Masculin";"264";"12";"9";"4";"-4.0863995892383";"5.3401917781783";"-4.0875068";"5.337524";"0";"319";"0";"0"
"671";"Masculin";"264";"12";"9";"4";"-4.08414358131923";"5.34019576491588";"-4.0845271";"5.3410355";"0";"102";"0";"0"
"624";"Masculin";"264";"12";"9";"4";"-4.08639560841886";"5.3379305556393";"-4.0874518";"5.3472895";"1";"1041";"0";"0"
"668";"Feminin";"264";"12";"9";"4";"-4.08413960876237";"5.33793454067934";"-4.0860909";"5.339644";"0";"287";"0";"0"
"710";"Feminin";"16";"0";"5";"2";"-4.14046267492578";"5.32087365331463";"-4.13903784";"5.32245497298622";"0";"236";"0";"0"
"711";"Feminin";"16";"0";"5";"2";"-4.13829701497663";"5.32087765688339";"-4.137735656";"5.32191688033277";"0";"131";"0";"0"
"515";"Masculin";"328";"15";"8";"2";"-4.07280857131946";"5.33456257109351";"-4.073246";"5.333322";"0";"145";"0";"0"
"514";"Feminin";"328";"15";"8";"2";"-4.07064281376177";"5.33456634662485";"-4.0728244";"5.3324033";"0";"340";"0";"0"
"29";"Masculin";"193";"9";"17";"4";"-4.1000003225369";"5.37634705722738";"-4.1005651";"5.3759825";"0";"74";"0";"0"
"58";"Masculin";"193";"9";"17";"4";"-4.09774419225156";"5.37635112116627";"-4.0994083";"5.3721662";"1";"498";"0";"0"
"112";"Masculin";"193";"9";"17";"4";"-4.09999626443364";"5.37408584766211";"-4.0966868";"5.372596";"1";"402";"0";"0"
"20";"Feminin";"193";"9";"17";"4";"-4.0977401424675";"5.3740899098821";"-4.1007133";"5.3733663";"0";"339";"0";"0"
"568";"Masculin";"269";"12";"4";"4";"-4.08635985800128";"5.31757954519284";"-4.081311";"5.321758";"1";"726";"0";"0"
"569";"Masculin";"269";"12";"4";"4";"-4.08410393254832";"5.31758351495552";"-4.080215";"5.3202735";"1";"524";"0";"0"
"702";"Feminin";"269";"12";"4";"4";"-4.08635589428291";"5.31531832096725";"-4.088564371";"5.31650932663069";"1";"278";"0";"0"
"703";"Feminin";"269";"12";"4";"4";"-4.08409997705704";"5.31532228903251";"-4.087842904";"5.31596128890167";"1";"421";"0";"0"
"524";"Masculin";"291";"13";"3";"4";"-4.08184011256346";"5.31306502106792";"-4.07514";"5.3094846";"1";"841";"0";"0"
"417";"Masculin";"291";"13";"3";"4";"-4.07958420015196";"5.31306897095337";"-4.0766287";"5.3158199";"1";"447";"0";"0"
"418";"Masculin";"291";"13";"3";"4";"-4.08183616870495";"5.31080379311459";"-4.0765863";"5.3151837";"1";"757";"0";"0"
"706";"Feminin";"291";"13";"3";"4";"-4.0795802645135";"5.3108077413097";"-4.084407386";"5.30693003858634";"1";"686";"0";"0"
"592";"Masculin";"202";"9";"8";"4";"-4.09992754165566";"5.33564525907253";"-4.1011191";"5.3370278";"1";"202";"0";"0"
"28";"Masculin";"202";"9";"8";"4";"-4.09767156057274";"5.3356492920731";"-4.0965826";"5.3723262";"1";"4057";"1";"0"
"591";"Feminin";"202";"9";"8";"4";"-4.09992351472443";"5.33338404645483";"-4.1007405";"5.3373522";"1";"448";"0";"0"
"579";"Feminin";"202";"9";"8";"4";"-4.09766754189681";"5.33338807773672";"-4.1025479";"5.3384279";"1";"777";"0";"0"
"233";"Feminin";"186";"8";"3";"2";"-4.10435201138719";"5.31189454425422";"-4.1015067";"5.31261";"0";"325";"0";"0"
"234";"Feminin";"186";"8";"3";"2";"-4.10218635591832";"5.31189841443028";"-4.10354";"5.3126";"0";"169";"0";"0"
"395";"Masculin";"135";"6";"12";"4";"-4.11349606646994";"5.35371049902993";"-4.1048672";"5.3500076";"1";"1040";"0";"0"
"27";"Masculin";"135";"6";"12";"4";"-4.11124002966067";"5.35371459560662";"-4.0962222";"5.3686716";"1";"2346";"1";"0"
"393";"Feminin";"135";"6";"12";"4";"-4.11349197598421";"5.35144929815276";"-4.1129264";"5.3506735";"0";"106";"0";"0"
"408";"Feminin";"135";"6";"12";"4";"-4.11123594745845";"5.35145339298951";"-4.1139648";"5.3529389";"0";"344";"0";"0"
"198";"Masculin";"351";"16";"6";"4";"-4.06832801521584";"5.32665602148371";"-4.0655694";"5.3244599";"0";"390";"0";"0"
"199";"Masculin";"351";"16";"6";"4";"-4.06607204326608";"5.3266599319366";"-4.0654422";"5.325823";"0";"116";"0";"0"
"200";"Masculin";"351";"16";"6";"4";"-4.06832411058857";"5.32439478445089";"-4.065461";"5.3263445";"0";"384";"0";"0"
"213";"Feminin";"351";"16";"6";"4";"-4.06606814688034";"5.32439869323453";"-4.0664646";"5.3242318";"0";"48";"0";"0"
"175";"Masculin";"54";"2";"9";"4";"-4.13151938374058";"5.34011030393837";"-4.1291822";"5.3383109";"0";"327";"0";"0"
"173";"Feminin";"54";"2";"9";"4";"-4.12926341070148";"5.34011445633952";"-4.1282112";"5.3384012";"0";"222";"0";"0"
"262";"Feminin";"54";"2";"9";"4";"-4.13151523767605";"5.33784911609089";"-4.1271089";"5.3399236";"1";"539";"0";"0"
"263";"Feminin";"54";"2";"9";"4";"-4.1292592728989";"5.33785326672395";"-4.1264045";"5.3402174";"1";"410";"0";"0"
"323";"Masculin";"330";"15";"6";"4";"-4.07283995406673";"5.32664817579028";"-4.0711689";"5.3237075";"0";"374";"0";"0"
"505";"Masculin";"330";"15";"6";"4";"-4.07058398548391";"5.32665210276826";"-4.0697453";"5.3268649";"0";"96";"0";"0"
"338";"Feminin";"330";"15";"6";"4";"-4.07283603295649";"5.32438694210656";"-4.0756405";"5.3205769";"1";"523";"0";"0"
"326";"Feminin";"330";"15";"6";"4";"-4.07058007261514";"5.32439086740823";"-4.0692324";"5.3191152";"1";"602";"0";"0"
"564";"Masculin";"289";"13";"5";"4";"-4.0818559050259";"5.32210993119876";"-4.0789135";"5.3229899";"0";"340";"0";"0"
"567";"Feminin";"289";"13";"5";"4";"-4.0795999596987";"5.32211388784572";"-4.0797336";"5.3228524";"0";"83";"0";"0"
"337";"Feminin";"289";"13";"5";"4";"-4.08185195435597";"5.31984870391856";"-4.0763307";"5.3188803";"1";"621";"0";"0"
"563";"Feminin";"289";"13";"5";"4";"-4.07959601726302";"5.31985265887512";"-4.0781656";"5.3231481";"1";"397";"0";"0"
"430";"Masculin";"413";"19";"7";"4";"-4.05479987375256";"5.33120185374707";"-4.0546533";"5.3306617";"0";"62";"0";"0"
"432";"Masculin";"413";"19";"7";"4";"-4.0525438752931";"5.3312057179202";"-4.054295";"5.3302017";"0";"224";"0";"0"
"429";"Feminin";"413";"19";"7";"4";"-4.05479601525411";"5.32894060708861";"-4.05383";"5.3313717";"0";"289";"0";"0"
"433";"Feminin";"413";"19";"7";"4";"-4.05254002504345";"5.32894446961363";"-4.0540683";"5.3299083";"0";"200";"0";"0"
"578";"Masculin";"180";"8";"9";"4";"-4.10444759072276";"5.34015958607517";"-4.1025203";"5.3376971";"0";"346";"0";"0"
"95";"Masculin";"180";"8";"9";"4";"-4.10219159658529";"5.34016363907968";"-4.103991";"5.3416151";"1";"256";"0";"0"
"96";"Feminin";"180";"8";"9";"4";"-4.10444354380377";"5.33789837724348";"-4.1033222";"5.3409594";"0";"361";"0";"0"
"94";"Feminin";"180";"8";"9";"4";"-4.10218755792864";"5.33790242852223";"-4.1045649";"5.3420378";"1";"528";"0";"0"
"119";"Masculin";"192";"9";"18";"4";"-4.10000844393969";"5.38086947584709";"-4.0998285";"5.3797155";"0";"129";"0";"0"
"106";"Feminin";"192";"9";"18";"4";"-4.0977522970053";"5.38087354322381";"-4.0998942";"5.3797182";"0";"270";"0";"0"
"115";"Feminin";"192";"9";"18";"4";"-4.10000438237224";"5.3786082666224";"-4.0957214";"5.3811635";"1";"552";"0";"0"
"116";"Feminin";"192";"9";"18";"4";"-4.09774824376415";"5.37861233228019";"-4.0963241";"5.3812399";"1";"331";"0";"0"
"232";"Masculin";"117";"5";"9";"2";"-4.11793635087183";"5.3390045770388";"-4.106158";"5.3400486";"1";"1310";"0";"0"
"581";"Feminin";"117";"5";"9";"2";"-4.11577061053199";"5.33900851479554";"-4.105785";"5.339875";"1";"1111";"0";"0"
"181";"Masculin";"73";"3";"11";"4";"-4.12702397178909";"5.34916336428488";"-4.1293097";"5.339388";"1";"1110";"0";"0"
"182";"Masculin";"73";"3";"11";"4";"-4.12476796211454";"5.34916750716447";"-4.12914";"5.3392871";"1";"1195";"0";"0"
"183";"Feminin";"73";"3";"11";"4";"-4.12701983515162";"5.34690217358225";"-4.1291023";"5.3393542";"1";"866";"0";"0"
"184";"Feminin";"73";"3";"11";"4";"-4.12476383375328";"5.34690631470076";"-4.1290695";"5.3393078";"1";"966";"0";"0"
"390";"Masculin";"136";"6";"11";"2";"-4.11344072323756";"5.34805757844497";"-4.1158375";"5.349654";"1";"319";"0";"0"
"225";"Feminin";"136";"6";"11";"2";"-4.11127494777468";"5.34806150698276";"-4.1066757";"5.344276";"1";"659";"0";"0"
"351";"Masculin";"370";"17";"8";"4";"-4.06383163896116";"5.33570879391235";"-4.0614311";"5.336309";"0";"274";"0";"0"
"352";"Feminin";"370";"17";"8";"4";"-4.06157563065679";"5.33571269448895";"-4.0610362";"5.336161";"0";"78";"0";"0"
"317";"Feminin";"370";"17";"8";"4";"-4.06382774411841";"5.33344755421899";"-4.0592433";"5.3373854";"1";"669";"0";"0"
"318";"Feminin";"370";"17";"8";"4";"-4.06157174406983";"5.33345145313335";"-4.0592924";"5.3375642";"1";"520";"0";"0"
"544";"Masculin";"262";"12";"11";"4";"-4.08641552961912";"5.34923666664313";"-4.0837498";"5.3494319";"0";"296";"0";"0"
"490";"Masculin";"262";"12";"11";"4";"-4.08415948861421";"5.349240660171";"-4.0873166";"5.3532704";"1";"566";"0";"0"
"545";"Feminin";"262";"12";"11";"4";"-4.08641154195839";"5.34697544478074";"-4.0835561";"5.3478957";"0";"332";"0";"0"
"493";"Feminin";"262";"12";"11";"4";"-4.08415550923027";"5.34697943661102";"-4.0875705";"5.3505577";"1";"547";"0";"0"
"195";"Masculin";"352";"16";"5";"4";"-4.06832020764296";"5.32213354724962";"-4.0690862";"5.3220262";"0";"86";"0";"0"
"212";"Masculin";"352";"16";"5";"4";"-4.06606425217272";"5.32213745436401";"-4.0664668";"5.3242578";"1";"239";"0";"0"
"194";"Feminin";"352";"16";"5";"4";"-4.06831630637899";"5.31987230987995";"-4.0660581";"5.321349";"0";"299";"0";"0"
"196";"Feminin";"352";"16";"5";"4";"-4.06606035914318";"5.31987621532511";"-4.0683518";"5.3220021";"0";"346";"0";"0"
"155";"Masculin";"161";"7";"7";"4";"-4.10894333047819";"5.33110663272385";"-4.1071146";"5.3287622";"0";"329";"0";"0"
"156";"Feminin";"161";"7";"7";"4";"-4.10668737284941";"5.3311106953636";"-4.1071336";"5.3300578";"0";"126";"0";"0"
"166";"Feminin";"161";"7";"7";"4";"-4.1089392740174";"5.3288454266783";"-4.1072882";"5.3279523";"0";"208";"0";"0"
"295";"Feminin";"161";"7";"7";"4";"-4.1066833246367";"5.32884948758529";"-4.1066965";"5.3310304";"0";"241";"0";"0"
"218";"Masculin";"197";"9";"13";"4";"-4.09996790620636";"5.3582573759441";"-4.1013004";"5.352385";"1";"666";"0";"0"
"8";"Masculin";"197";"9";"13";"4";"-4.09771184237521";"5.35826142613214";"-4.1048371";"5.36631";"1";"1190";"0";"0"
"72";"Feminin";"197";"9";"13";"4";"-4.09996386195859";"5.35599616501936";"-4.1001261";"5.3559874";"0";"18";"0";"0"
"7";"Feminin";"197";"9";"13";"4";"-4.09770780641824";"5.3560002134886";"-4.1046688";"5.3665411";"1";"1398";"0";"0"
"180";"Masculin";"34";"1";"8";"4";"-4.13602300108306";"5.33557960551686";"-4.1304196";"5.3388719";"1";"720";"0";"0"
"720";"Feminin";"34";"1";"8";"4";"-4.13376704813028";"5.33558377093341";"-4.137114853";"5.33423614566115";"0";"400";"0";"0"
"724";"Feminin";"34";"1";"8";"4";"-4.13601884207136";"5.33331842087771";"-4.137114853";"5.33611964077129";"0";"333";"0";"0"
"179";"Feminin";"34";"1";"8";"4";"-4.13376289737336";"5.33332258451914";"-4.1313141";"5.3392455";"1";"709";"0";"0"
"171";"Masculin";"97";"4";"8";"2";"-4.12200693844161";"5.33447474932842";"-4.1265015";"5.3365708";"1";"549";"0";"0"
"169";"Feminin";"97";"4";"8";"2";"-4.12027436143068";"5.3344779089497";"-4.1274029";"5.3364408";"1";"819";"0";"0"
"279";"Feminin";"320";"15";"16";"4";"-4.07291873095907";"5.37187281397479";"-4.0697769";"5.3674795";"1";"598";"0";"1"
"280";"Feminin";"320";"15";"16";"4";"-4.07178868851236";"5.370744179722";"-4.071039";"5.3650421";"1";"636";"0";"1"
"277";"Feminin";"320";"15";"16";"4";"-4.07291477606713";"5.36961158367554";"-4.0686722";"5.3654269";"1";"660";"0";"1"
"278";"Feminin";"320";"15";"16";"4";"-4.07178868851236";"5.370744179722";"-4.0685744";"5.3653905";"1";"691";"0";"1"
"304";"Masculin";"369";"17";"9";"4";"-4.06383943367083";"5.34023127279263";"-4.0605133";"5.34002";"0";"369";"0";"0"
"314";"Masculin";"369";"17";"9";"4";"-4.06158340884423";"5.34023517669376";"-4.0602016";"5.3380947";"1";"282";"0";"0"
"303";"Feminin";"369";"17";"9";"4";"-4.06383553547862";"5.33797003343691";"-4.0606048";"5.3399534";"0";"420";"0";"0"
"316";"Feminin";"369";"17";"9";"4";"-4.06157951891491";"5.33797393567578";"-4.059465";"5.3373317";"1";"245";"0";"0"
"162";"Masculin";"159";"7";"9";"4";"-4.10895957377813";"5.34015145521649";"-4.108457";"5.3369917";"0";"354";"0";"0"
"231";"Feminin";"159";"7";"9";"4";"-4.10670358312156";"5.34015552478743";"-4.1069199";"5.3400988";"0";"25";"0";"0"
"588";"Feminin";"159";"7";"9";"4";"-4.10895551033456";"5.3378902498469";"-4.1014917";"5.341555";"1";"921";"0";"0"
"88";"Feminin";"159";"7";"9";"4";"-4.10669952794026";"5.33789431768503";"-4.1060455";"5.3439153";"1";"670";"0";"0"
